customer_id,age,gender,tenure_months,num_products,balance,credit_score,is_active_member,estimated_salary,has_credit_card,num_transactions_last_month,support_tickets_last_6m,churn
C00001,60,M,115,1,22223.49,397,1,18512.51,1,9,2,1
C00002,73,M,19,1,16496.61,755,0,24612.26,0,10,2,1
C00003,50,M,38,1,19504.77,830,1,16675.53,0,13,0,0
C00004,36,M,70,1,38410.32,837,0,21939.79,1,8,1,0
C00005,64,M,116,3,14739.61,327,1,26032.89,0,11,0,1
C00006,29,F,111,1,14605.85,623,1,32827.15,0,7,3,0
C00007,42,F,79,1,567.58,522,1,39391.09,1,13,2,0
C00008,60,F,57,1,14622.83,379,0,22434.59,1,15,1,0
C00009,40,F,20,1,6690.1,757,0,44021.26,1,11,3,0
C00010,44,F,9,1,10006.41,475,0,39263.33,0,8,1,0
C00011,32,F,32,2,11229.47,821,1,34049.13,1,14,2,0
C00012,32,M,4,1,11754.08,756,1,29843.79,1,7,0,0
C00013,45,F,50,3,63523.09,722,1,31829.45,1,13,1,0
C00014,74,M,82,3,10981.99,399,1,42244.61,1,8,0,0
C00015,57,F,5,1,19490.39,702,0,42682.96,1,15,2,1
C00016,61,F,20,3,24423.13,679,0,44019.36,1,13,2,0
C00017,45,F,87,1,24225.83,830,0,28495.92,1,19,3,0
C00018,24,M,75,1,11431.48,631,0,34659.61,0,15,1,0
C00019,43,F,37,1,21395.2,617,0,44122.56,0,12,2,0
C00020,74,F,22,1,33803.33,836,1,20515.41,0,12,0,0
C00021,23,M,58,2,2854.59,388,0,24179.0,0,11,2,1
C00022,45,M,68,3,19321.12,810,0,28192.44,0,13,5,0
C00023,65,F,93,1,7987.25,341,1,38795.18,1,16,3,0
C00024,51,M,44,2,13129.15,688,0,38982.07,0,10,0,0
C00025,59,F,34,1,15012.64,380,1,25229.63,1,11,0,0
C00026,23,M,77,3,20235.33,701,0,9896.69,1,16,3,0
C00027,42,M,42,1,6422.21,406,1,30954.21,0,13,1,1
C00028,54,F,9,1,10842.41,410,1,16980.21,1,11,0,0
C00029,33,M,106,1,17066.07,576,0,10120.77,0,21,3,1
C00030,43,F,95,1,19342.32,513,1,12833.54,1,14,0,0
C00031,65,M,7,2,21749.03,805,1,31916.57,1,15,3,0
C00032,46,M,68,3,7263.28,420,1,44332.45,0,12,0,0
C00033,70,F,19,1,54160.41,433,0,28466.73,1,7,1,0
C00034,48,F,106,2,11419.84,670,1,30536.57,1,6,0,0
C00035,63,F,94,2,13206.22,556,1,42194.74,0,12,4,0
C00036,49,F,31,3,36047.2,479,1,9466.54,1,14,0,0
C00037,37,F,35,1,6269.23,347,0,34242.12,1,17,0,1
C00038,36,M,57,2,11107.44,318,0,27860.92,0,13,1,0
C00039,68,M,85,3,24276.2,345,0,34792.69,1,10,1,0
C00040,72,F,61,2,18747.9,750,0,22198.19,0,12,1,0
C00041,65,F,31,1,39581.57,355,0,18184.75,1,14,1,1
C00042,73,F,83,1,69077.55,391,0,29686.11,0,10,2,1
C00043,24,M,95,1,9884.79,381,0,47790.3,1,8,1,0
C00044,58,M,53,2,11212.6,378,0,38330.92,1,8,3,1
C00045,72,F,32,2,6516.25,582,1,21907.69,0,15,0,1
C00046,28,F,66,1,13801.08,610,0,11908.34,1,20,0,0
C00047,42,F,59,2,29086.1,459,0,8000.0,0,11,0,0
C00048,30,F,116,2,23322.14,615,0,43793.19,1,11,1,0
C00049,60,F,10,2,9523.15,455,1,16539.01,0,11,2,0
C00050,39,M,2,2,6530.78,767,1,24093.84,1,12,0,1
C00051,25,M,66,3,15584.24,761,1,43854.53,1,10,0,1
C00052,46,M,60,1,9772.21,416,0,8633.18,1,11,1,1
C00053,35,M,88,3,28021.71,663,1,45907.17,0,16,0,0
C00054,71,F,17,1,3563.53,765,1,24956.31,1,14,0,0
C00055,30,M,96,1,33321.42,483,0,14217.0,1,20,1,0
C00056,47,F,16,1,19255.13,465,1,25031.79,1,13,0,0
C00057,74,M,16,1,23662.72,374,1,19328.84,1,11,1,0
C00058,23,M,46,1,16615.34,571,1,33289.84,1,18,1,0
C00059,41,M,39,1,23991.11,802,1,20222.41,1,8,1,0
C00060,49,M,117,3,18088.1,642,1,8000.0,1,14,1,0
C00061,68,F,31,1,24881.85,550,0,25353.25,0,12,4,0
C00062,28,M,107,2,18276.45,429,1,11721.46,1,11,0,0
C00063,65,F,88,1,11254.25,657,0,30451.84,1,11,0,0
C00064,29,M,1,4,19843.67,707,1,13754.44,0,9,0,0
C00065,68,M,11,2,2198.01,794,0,22143.85,1,6,1,1
C00066,56,M,119,1,17163.62,781,1,30191.05,1,13,0,1
C00067,35,F,85,3,57182.29,377,0,25450.5,1,11,1,0
C00068,38,F,4,2,3475.26,813,1,31005.16,0,10,3,0
C00069,57,M,71,3,12682.05,620,0,36163.45,0,10,1,0
C00070,71,M,26,2,6379.02,589,0,14104.8,1,15,0,0
C00071,61,F,111,2,21961.03,596,1,27227.23,0,13,2,0
C00072,25,M,50,3,5595.76,774,0,8000.0,1,10,3,1
C00073,23,M,12,1,16238.98,322,1,30968.0,1,12,1,0
C00074,27,F,95,1,3527.18,471,0,24390.23,0,17,1,0
C00075,63,F,81,3,4443.94,617,1,16198.6,1,12,2,0
C00076,25,M,97,1,23207.28,492,0,31788.63,1,6,1,1
C00077,50,F,75,2,7280.85,417,0,42072.37,0,15,0,0
C00078,39,F,92,1,62745.87,305,1,22287.79,1,14,4,1
C00079,47,M,96,2,1896.86,782,1,16662.23,0,11,2,0
C00080,65,F,65,4,6739.32,431,0,29980.3,1,11,2,0
C00081,55,F,47,1,12559.81,392,1,11972.72,1,13,1,0
C00082,31,M,92,1,12087.38,821,0,20075.42,1,12,1,0
C00083,57,M,53,2,106016.27,593,0,42668.83,1,8,2,0
C00084,35,M,106,3,34821.13,691,1,28746.15,1,14,2,0
C00085,52,F,71,1,7182.35,548,0,8000.0,0,14,1,1
C00086,69,M,2,1,20109.94,716,1,8000.0,1,10,2,0
C00087,36,F,106,4,20086.25,442,1,29945.03,1,15,0,0
C00088,29,F,24,2,4193.65,536,1,38348.69,1,13,1,0
C00089,35,M,4,1,6558.22,586,1,8588.54,1,9,0,0
C00090,44,F,108,1,42089.97,576,0,33396.55,1,13,1,0
C00091,61,M,19,2,58782.63,686,0,43964.12,1,15,0,0
C00092,42,F,26,1,77220.26,681,0,50654.31,1,15,2,1
C00093,37,F,75,1,31084.57,749,0,31974.67,1,14,2,0
C00094,66,M,40,3,23887.71,590,1,34081.63,1,19,0,0
C00095,39,M,50,1,9792.53,468,1,8000.0,1,14,1,0
C00096,68,M,43,2,3258.98,742,1,53197.03,1,8,2,0
C00097,74,M,75,1,6805.41,483,1,21094.12,1,15,2,1
C00098,45,M,109,3,20488.24,344,0,16798.35,0,14,0,1
C00099,47,M,67,2,28468.72,567,1,24937.53,1,13,1,0
C00100,46,F,12,1,35306.25,775,1,46140.08,0,16,0,0
C00101,66,M,67,2,43072.66,552,1,54496.55,0,13,1,1
C00102,62,M,106,1,40683.92,695,0,29504.9,1,16,1,0
C00103,50,F,27,3,125861.57,588,1,39977.01,1,18,4,0
C00104,36,M,113,3,12459.35,511,1,28518.45,1,13,1,0
C00105,66,F,54,1,31644.7,320,1,15546.45,1,9,1,1
C00106,22,F,66,1,18437.96,615,1,45720.92,1,12,2,0
C00107,46,F,49,1,16508.0,737,1,20534.47,0,14,0,0
C00108,28,M,16,2,62609.77,722,1,46426.37,1,9,0,0
C00109,30,M,2,1,37310.26,532,1,43582.5,1,7,1,1
C00110,45,M,60,1,9013.17,422,0,35368.44,1,8,1,0
C00111,22,F,54,1,5560.99,513,1,49947.7,1,15,1,0
C00112,65,M,30,1,20258.47,339,1,54788.15,1,9,1,0
C00113,29,M,84,2,20757.38,631,1,25897.08,1,11,2,0
C00114,45,F,38,1,47256.56,481,1,18294.47,0,15,0,1
C00115,32,M,28,2,7239.87,564,1,8000.0,1,15,1,0
C00116,72,M,25,1,6889.59,832,1,54936.19,1,15,0,0
C00117,38,M,96,1,11777.76,731,0,22723.82,1,12,1,1
C00118,29,F,10,2,3461.26,495,0,41620.44,1,19,0,0
C00119,56,M,60,4,7099.28,808,1,19104.94,1,14,1,0
C00120,56,F,42,3,39350.36,746,1,46459.19,1,13,1,0
C00121,54,F,40,1,9486.88,827,1,19598.59,1,14,2,0
C00122,26,M,97,1,16269.84,501,1,13699.37,1,13,2,1
C00123,63,F,77,3,7119.38,432,1,25497.92,0,8,2,0
C00124,60,M,105,1,4070.87,438,0,21618.69,0,10,1,0
C00125,62,M,118,1,28377.6,792,1,35155.6,0,12,0,1
C00126,49,F,42,3,20805.91,369,0,27383.26,0,9,2,0
C00127,28,F,47,3,26439.58,314,1,35532.43,1,7,1,0
C00128,30,F,37,4,15746.37,511,1,24507.74,1,11,3,0
C00129,29,F,118,3,10908.01,359,1,20018.71,0,7,0,0
C00130,33,M,80,3,14492.38,551,1,20997.27,1,15,0,0
C00131,55,M,109,1,10363.35,745,1,52539.27,0,8,1,0
C00132,54,M,22,1,35666.11,301,1,30702.05,1,13,3,1
C00133,69,M,57,2,12385.18,635,1,8000.0,0,13,0,0
C00134,44,M,84,2,22385.95,318,0,21757.49,0,14,1,0
C00135,45,M,114,2,7476.3,377,1,29162.39,0,10,2,0
C00136,58,M,107,1,20770.43,771,1,50144.8,1,11,0,0
C00137,56,M,27,1,40759.21,327,1,40344.38,1,13,2,0
C00138,65,F,41,2,22263.75,464,1,16939.39,0,13,3,0
C00139,61,F,80,1,20221.29,757,0,57020.27,1,11,1,0
C00140,43,M,34,1,51762.74,475,0,27626.08,0,16,2,0
C00141,48,F,32,2,20108.37,328,1,42955.96,1,17,1,0
C00142,56,F,90,2,11002.87,578,0,14139.9,1,14,0,0
C00143,22,M,89,1,11487.51,582,1,8000.0,0,12,1,0
C00144,56,F,66,2,24603.75,778,0,11098.82,1,18,1,0
C00145,58,F,12,2,21608.89,818,1,8000.0,1,9,1,0
C00146,68,F,40,1,6910.78,604,0,53345.07,1,9,0,0
C00147,35,M,73,1,14865.26,408,1,30574.4,1,13,1,0
C00148,24,F,76,1,80279.51,623,1,16904.27,1,13,0,0
C00149,22,M,90,1,2168.42,505,0,33431.49,1,9,1,0
C00150,26,F,73,3,12695.68,533,0,30272.01,1,20,2,0
C00151,47,F,10,1,8409.39,757,1,35451.2,1,7,0,0
C00152,35,F,96,2,24200.77,486,1,42514.38,1,16,2,0
C00153,60,F,98,1,3233.36,781,0,24520.95,1,10,0,1
C00154,48,F,48,1,21536.62,706,1,17441.93,1,10,0,0
C00155,30,M,20,2,4080.4,808,1,37933.3,1,12,0,0
C00156,36,M,39,1,22387.71,819,1,37627.99,1,15,0,1
C00157,36,F,60,2,37187.62,352,1,29208.83,1,19,0,0
C00158,47,M,66,1,10074.56,697,1,54130.65,1,9,1,0
C00159,63,M,65,1,16226.96,498,1,22746.13,0,12,1,0
C00160,34,M,51,2,11666.59,690,1,17201.7,1,12,1,0
C00161,72,M,36,1,10769.7,797,0,33017.1,1,11,2,0
C00162,53,F,24,3,29405.74,471,1,19900.75,1,8,0,0
C00163,60,F,118,2,17673.46,385,1,33946.2,0,10,1,0
C00164,70,F,27,1,28721.74,485,1,18003.9,0,7,4,1
C00165,73,F,2,1,3720.99,455,1,23197.09,1,10,1,1
C00166,53,M,31,2,6611.9,792,1,50690.09,1,11,3,0
C00167,25,M,57,3,8818.95,820,0,23132.95,1,19,1,1
C00168,51,F,78,1,14640.31,429,1,18413.78,1,13,2,0
C00169,58,M,66,3,9983.56,380,1,42048.15,1,12,3,0
C00170,44,F,29,1,24970.8,683,0,15387.5,1,8,0,1
C00171,60,F,15,3,6384.66,594,1,19684.68,1,16,2,0
C00172,66,M,12,1,2488.56,568,1,34918.73,1,10,4,0
C00173,36,F,101,3,33540.44,834,1,39260.94,1,16,1,0
C00174,64,F,28,2,28847.42,677,1,42645.72,1,5,1,0
C00175,50,F,84,1,4590.33,675,1,19033.34,1,11,3,1
C00176,57,M,103,1,21383.44,387,1,35152.1,0,10,0,0
C00177,34,M,24,1,10787.63,410,1,22406.7,0,6,1,0
C00178,53,F,21,4,25193.57,453,1,20732.13,1,12,2,0
C00179,28,M,10,1,35347.71,762,0,42438.55,1,11,2,0
C00180,72,M,110,1,39583.71,455,1,21405.35,1,9,3,0
C00181,43,F,78,2,26078.17,617,0,31338.46,0,10,2,1
C00182,49,M,101,2,6965.9,537,1,29866.95,1,13,2,0
C00183,23,F,18,2,31321.59,633,1,15150.95,1,11,1,0
C00184,63,F,88,2,15519.02,405,1,39593.11,1,17,0,0
C00185,66,F,14,1,14029.97,781,1,34723.37,1,12,1,0
C00186,74,M,34,3,11797.31,681,0,8000.0,1,12,0,0
C00187,27,F,58,1,52951.77,560,1,31329.05,1,13,1,1
C00188,49,M,76,1,41310.19,592,1,18724.32,1,12,4,0
C00189,49,M,22,2,5474.16,634,1,41164.9,0,17,0,0
C00190,65,F,70,2,25435.55,775,1,10655.2,0,11,1,0
C00191,65,M,36,1,26492.81,524,1,23722.28,0,14,1,1
C00192,41,M,45,2,8133.89,753,1,32344.29,1,12,1,0
C00193,51,F,36,1,13403.43,595,1,28652.08,0,13,1,0
C00194,32,M,22,1,24092.86,762,1,37155.5,0,8,0,0
C00195,49,M,78,3,9433.58,513,1,9778.94,0,10,4,1
C00196,46,F,80,1,7729.67,457,1,47822.97,0,8,1,0
C00197,60,F,61,1,22919.03,571,1,34301.74,1,12,0,0
C00198,54,F,100,3,42589.14,537,0,44316.62,0,19,1,0
C00199,22,M,56,4,22496.12,602,1,38490.88,1,11,1,0
C00200,48,M,89,2,26617.28,820,0,27860.68,1,11,0,0
C00201,73,M,96,2,13120.57,620,0,12589.62,0,10,1,0
C00202,34,M,33,2,7773.85,358,0,21237.36,1,8,1,0
C00203,62,F,45,4,22671.2,657,0,47074.76,1,4,2,0
C00204,24,M,36,3,11905.73,550,1,44625.25,1,9,1,0
C00205,60,M,20,1,35042.7,735,0,20564.8,0,10,3,1
C00206,27,F,18,1,6655.03,445,0,8000.0,1,14,0,0
C00207,29,F,38,2,17410.66,651,0,25447.72,1,13,0,0
C00208,48,F,67,3,13796.35,544,0,24547.57,0,9,0,0
C00209,30,M,23,2,42757.96,600,0,25002.73,0,8,0,0
C00210,58,M,96,2,6077.35,737,1,34342.47,1,13,1,0
C00211,54,M,109,4,4462.68,399,1,38514.55,1,7,1,0
C00212,72,M,16,1,9075.44,779,1,39883.59,1,11,6,0
C00213,63,F,59,1,31275.19,714,1,33348.51,1,12,2,0
C00214,65,F,69,1,5690.31,464,0,8000.0,0,11,0,1
C00215,45,F,68,1,8929.9,601,0,23905.6,1,12,3,0
C00216,36,F,21,1,6144.82,420,0,55649.08,1,9,1,0
C00217,53,M,104,1,27106.2,387,1,32490.6,1,12,1,0
C00218,53,F,115,2,3090.01,516,0,32413.83,1,16,1,0
C00219,45,M,78,3,10982.1,478,1,32313.83,1,8,0,0
C00220,62,F,103,2,7923.55,462,0,32984.56,1,11,0,0
C00221,73,F,95,2,22739.59,469,0,8000.0,1,9,1,0
C00222,70,M,78,1,28432.98,600,1,25125.71,1,10,0,0
C00223,70,M,70,3,11490.35,673,1,27545.29,1,14,1,0
C00224,73,F,12,3,42721.74,502,1,43377.94,1,14,1,0
C00225,33,M,16,2,52987.91,346,1,28572.07,1,16,1,0
C00226,60,M,81,1,13100.54,762,1,8241.86,1,14,3,0
C00227,23,M,109,1,28832.38,707,1,33161.07,1,14,3,0
C00228,24,F,87,1,25709.67,493,1,18354.1,0,13,2,0
C00229,70,F,14,2,41372.53,726,0,13398.57,1,11,1,0
C00230,58,F,61,3,16254.51,616,1,17990.09,1,13,1,0
C00231,70,M,71,3,15468.78,778,1,34510.05,1,11,3,0
C00232,38,F,46,2,9464.24,720,1,43105.13,1,11,2,0
C00233,70,M,32,3,28424.34,568,1,33795.16,0,12,1,0
C00234,23,F,15,4,8603.76,780,1,35584.28,1,12,0,0
C00235,23,F,44,1,3591.11,562,1,33676.54,0,12,1,1
C00236,49,M,17,1,12745.68,725,1,29215.93,0,18,0,0
C00237,44,M,41,4,8003.06,465,1,36363.17,1,20,2,0
C00238,58,M,54,1,23180.8,727,1,8000.0,1,12,0,0
C00239,53,M,111,3,8195.93,696,1,29333.06,1,12,1,0
C00240,54,M,44,4,10701.37,515,0,15460.9,1,16,1,1
C00241,22,F,98,2,36856.07,406,1,41954.83,0,12,1,1
C00242,40,F,5,3,9107.85,397,0,26234.14,1,10,2,0
C00243,23,M,109,2,27732.87,781,1,28371.38,1,14,2,0
C00244,74,M,27,2,5867.18,798,0,9939.14,0,13,2,0
C00245,65,M,116,1,16872.73,529,1,40201.97,1,11,1,1
C00246,47,F,87,1,29453.71,556,1,35527.94,1,14,0,0
C00247,53,M,104,1,27101.75,342,0,34683.37,1,8,2,0
C00248,27,F,78,2,8369.52,541,0,18243.73,1,9,3,1
C00249,53,F,79,1,54158.99,394,1,18716.32,1,10,2,0
C00250,25,F,43,1,38449.58,487,0,30683.19,1,8,1,1
C00251,32,F,97,1,55744.96,684,0,19666.02,1,10,2,1
C00252,38,M,117,2,15812.39,699,1,33218.72,0,12,1,0
C00253,59,F,31,4,8585.44,805,1,8000.0,1,14,0,0
C00254,45,M,99,4,25049.84,466,1,22149.47,0,14,2,0
C00255,26,M,17,2,20484.83,424,1,49561.04,1,13,1,0
C00256,73,F,92,3,12037.17,386,0,33273.83,1,14,2,0
C00257,55,F,83,2,24347.75,788,0,30001.52,1,9,0,1
C00258,27,F,110,2,7670.46,525,0,51822.72,0,11,1,0
C00259,43,M,54,2,14460.57,644,1,8000.0,1,11,2,0
C00260,32,M,62,1,8905.54,817,1,18216.27,0,9,3,1
C00261,69,F,87,4,20239.76,330,0,23185.92,1,14,1,0
C00262,37,M,32,1,9844.08,595,1,38300.21,1,14,3,0
C00263,54,F,40,1,30328.8,713,1,38507.88,1,13,1,1
C00264,30,F,13,2,19075.02,434,1,17607.92,0,12,2,0
C00265,27,F,84,1,30864.87,824,1,39975.45,1,10,3,1
C00266,37,M,35,1,70694.35,303,1,23160.22,1,5,2,1
C00267,50,M,5,2,27326.92,477,1,42539.68,1,11,0,1
C00268,24,M,73,1,66330.37,558,1,15608.29,1,13,0,0
C00269,41,F,29,2,7245.49,364,1,26520.26,0,12,3,0
C00270,57,M,70,2,11461.02,662,1,22117.99,1,10,3,0
C00271,40,F,25,2,6115.74,316,1,40672.36,1,12,3,0
C00272,47,M,95,2,9683.54,499,0,21726.63,1,14,2,1
C00273,24,F,22,2,29563.96,843,0,27490.62,1,11,1,0
C00274,40,M,66,2,4330.16,511,1,34081.74,0,14,3,0
C00275,41,M,45,2,11995.99,734,1,34543.1,1,14,1,0
C00276,53,M,69,3,15911.91,572,1,38643.43,0,9,1,0
C00277,28,F,91,2,15954.0,589,1,30533.5,1,16,1,0
C00278,73,F,89,3,17209.51,782,0,22981.01,1,12,0,0
C00279,62,F,72,1,27457.07,533,1,23803.62,1,10,0,0
C00280,54,M,119,1,5805.9,707,0,28308.07,1,16,2,1
C00281,61,M,1,4,11238.62,445,1,30995.11,0,12,2,0
C00282,60,F,84,1,19888.55,729,1,26233.94,0,7,2,0
C00283,39,M,44,1,20840.73,731,1,28230.44,0,13,1,0
C00284,61,M,87,2,13949.14,844,0,9792.95,0,9,1,1
C00285,22,F,96,1,35700.3,796,1,36008.26,1,14,2,0
C00286,32,F,75,1,11276.82,388,1,30173.35,0,6,0,0
C00287,49,F,39,4,11245.51,710,1,40022.44,1,5,0,0
C00288,46,F,111,2,8401.24,540,1,28001.93,1,13,1,0
C00289,71,M,54,1,15619.42,522,1,8000.0,1,14,2,0
C00290,44,M,88,4,24283.41,767,1,23698.65,1,7,1,0
C00291,52,F,75,4,2975.79,621,1,25600.84,1,15,2,0
C00292,51,F,29,1,13812.91,674,0,36914.84,0,9,3,1
C00293,63,M,54,1,26048.88,411,1,8000.0,1,14,1,1
C00294,56,M,90,3,13034.56,826,1,28494.15,1,8,3,0
C00295,28,M,16,2,8393.51,711,0,34164.1,1,7,2,0
C00296,37,F,99,2,22896.81,568,0,20062.15,0,13,2,0
C00297,47,F,20,3,9616.82,551,0,28895.54,1,7,4,0
C00298,69,F,46,2,38466.5,673,0,20475.56,0,15,1,0
C00299,73,M,67,1,1076.11,749,1,19245.12,1,6,1,0
C00300,70,F,65,2,26663.76,836,1,23098.96,1,12,0,1
C00301,23,F,58,1,14963.97,667,1,19471.7,1,13,1,0
C00302,22,M,53,3,36699.21,554,1,36203.42,1,7,0,0
C00303,69,M,111,2,9098.63,762,1,19180.58,1,14,1,0
C00304,33,M,1,1,20621.64,567,1,17165.08,1,13,1,0
C00305,26,M,81,2,19282.8,425,1,49215.14,0,15,1,0
C00306,58,F,66,1,12568.69,692,1,39528.88,1,10,2,1
C00307,53,M,29,1,16304.24,633,1,8000.0,1,13,1,0
C00308,30,F,84,2,24259.88,667,1,18822.78,0,13,1,0
C00309,62,M,70,1,45379.45,755,0,30909.56,1,9,2,1
C00310,56,M,8,3,6576.28,366,1,31885.06,0,8,1,0
C00311,40,M,29,1,2129.85,365,1,10114.09,0,7,2,0
C00312,69,M,112,2,30502.77,699,1,41902.79,1,8,0,0
C00313,37,F,51,3,7955.65,586,1,37902.69,1,12,1,0
C00314,24,F,33,2,70833.18,485,0,33782.82,0,13,1,0
C00315,41,F,3,2,23994.57,583,1,44280.74,1,6,1,0
C00316,45,F,60,4,20499.59,815,1,33427.48,1,11,1,0
C00317,54,M,35,1,8248.02,536,1,33382.97,0,11,2,1
C00318,45,M,69,1,5611.91,317,0,46692.15,1,9,0,0
C00319,73,M,91,1,25870.92,713,1,41214.63,1,11,0,0
C00320,32,F,108,1,36579.3,308,1,17901.91,0,9,0,0
C00321,70,M,76,4,66275.49,719,1,35598.34,1,16,0,0
C00322,29,M,84,1,6465.94,328,0,20028.79,0,17,1,1
C00323,57,F,109,3,7347.08,647,0,34049.85,1,12,1,0
C00324,59,M,20,3,1946.64,749,1,33719.36,1,13,1,0
C00325,61,M,73,1,38083.08,679,0,11398.39,0,14,1,0
C00326,41,M,39,2,7371.76,665,1,26537.85,1,10,0,0
C00327,56,F,4,1,8525.96,526,1,31183.08,1,14,3,1
C00328,69,F,115,2,6017.69,417,1,22764.52,1,12,2,1
C00329,46,F,118,1,14168.4,711,1,31776.52,1,18,0,0
C00330,56,M,19,3,73142.03,655,0,37670.77,0,4,0,0
C00331,46,F,102,4,14276.79,553,1,27632.88,1,6,1,0
C00332,50,F,91,1,8430.26,842,1,30695.19,1,12,1,0
C00333,39,M,45,1,8571.65,743,1,44601.09,1,9,2,0
C00334,67,F,43,3,8381.93,380,1,33678.36,1,10,3,0
C00335,39,M,13,1,2789.82,345,1,30409.89,1,17,1,0
C00336,23,F,13,3,8135.13,348,0,16503.05,1,14,3,1
C00337,56,F,60,2,22819.97,748,1,36052.31,1,5,2,0
C00338,37,M,57,1,7079.67,706,1,31961.8,1,17,4,1
C00339,62,F,86,3,7960.88,582,1,43404.87,1,6,0,0
C00340,57,F,92,2,13124.87,772,1,28562.54,0,14,0,0
C00341,54,F,52,3,29416.02,715,0,8000.0,1,10,0,1
C00342,25,M,111,3,19825.35,420,1,8000.0,1,11,1,1
C00343,54,M,53,1,21892.52,302,1,36828.17,1,7,0,1
C00344,35,M,109,1,13893.33,615,0,21157.68,1,12,3,0
C00345,42,F,86,4,16329.62,759,1,33241.21,0,15,1,0
C00346,69,M,43,3,4848.1,526,0,29370.79,1,9,1,0
C00347,41,F,83,1,39103.03,378,1,25997.92,0,12,3,1
C00348,29,F,72,3,6165.61,843,0,26843.66,1,6,0,0
C00349,28,M,116,2,17027.3,370,1,17615.33,1,5,4,0
C00350,24,F,72,1,23652.6,496,0,27810.67,1,10,0,0
C00351,38,M,42,3,9711.75,357,1,20986.08,1,12,0,0
C00352,54,F,90,1,50928.26,723,1,23532.92,1,12,0,0
C00353,69,F,112,4,6037.87,768,0,24116.21,1,20,1,0
C00354,33,M,115,1,37329.78,347,1,25279.68,1,19,2,0
C00355,72,M,26,2,34382.02,734,0,39066.08,0,12,0,0
C00356,43,M,23,1,61821.48,484,1,26442.51,1,6,1,0
C00357,43,F,43,2,41034.08,464,1,40284.43,1,15,3,0
C00358,67,F,77,2,41030.03,630,1,46454.26,1,13,1,0
C00359,51,F,28,1,21217.16,629,1,38259.34,1,11,0,1
C00360,59,M,9,2,14291.69,420,1,34413.62,1,16,2,1
C00361,59,M,20,2,3414.92,512,0,31921.99,0,9,1,0
C00362,66,M,56,1,27807.53,806,1,38384.3,0,20,0,1
C00363,72,F,83,3,64690.34,467,0,29072.33,1,16,1,0
C00364,29,F,112,1,24566.67,845,1,39814.84,0,10,1,1
C00365,48,M,39,2,49751.33,726,0,35369.27,0,14,1,0
C00366,48,M,51,2,32562.58,520,1,23681.91,1,13,4,0
C00367,55,F,12,2,8776.87,309,0,38750.21,1,16,2,0
C00368,42,F,79,1,3709.66,419,1,29097.76,1,13,0,0
C00369,51,F,95,1,9170.71,546,0,26726.42,0,10,1,1
C00370,54,F,55,2,11019.77,659,0,22285.61,1,11,2,0
C00371,49,M,78,2,14171.22,520,1,29992.23,1,12,1,0
C00372,68,M,11,3,58308.8,805,0,39957.55,1,13,3,1
C00373,54,F,26,2,23431.91,357,1,38667.28,1,13,0,0
C00374,26,F,42,1,14465.82,759,1,32240.73,1,6,2,1
C00375,69,M,27,1,7958.56,427,0,35195.72,1,18,0,0
C00376,40,F,11,1,13531.14,385,1,43260.36,1,13,0,1
C00377,25,F,38,1,13663.81,403,1,26200.4,1,10,2,0
C00378,56,F,98,1,12044.98,442,1,14614.96,1,12,0,0
C00379,70,F,43,1,4065.81,504,1,43613.56,0,10,4,0
C00380,38,M,19,1,13139.88,337,1,21642.66,1,12,3,0
C00381,65,F,64,1,10940.93,662,0,19715.94,1,18,3,1
C00382,49,F,6,1,44175.92,608,0,8000.0,1,10,4,0
C00383,51,F,46,1,161.49,351,1,34855.4,1,13,0,1
C00384,50,F,116,1,6051.93,300,1,8542.57,1,7,0,0
C00385,67,F,102,1,9301.81,310,1,18996.89,1,10,2,0
C00386,74,M,113,2,11660.67,513,1,35058.84,0,7,3,1
C00387,27,F,42,1,21447.06,817,1,36663.06,1,13,0,0
C00388,56,F,92,1,22973.98,714,0,20179.55,1,8,2,0
C00389,62,F,65,1,18199.03,307,0,26390.16,1,12,1,0
C00390,58,F,99,1,20745.45,304,1,17528.87,1,14,1,0
C00391,45,F,104,1,11391.84,661,0,21419.24,1,18,2,0
C00392,50,M,72,2,20119.91,411,0,31194.58,1,11,1,0
C00393,70,F,59,2,5946.23,572,0,21980.24,1,11,0,0
C00394,67,M,52,1,16709.93,721,1,25069.42,1,14,0,0
C00395,74,M,118,1,25752.21,564,1,10423.52,1,14,3,1
C00396,52,F,47,3,29706.39,757,0,41595.47,1,20,0,0
C00397,56,F,7,1,25062.77,511,0,34120.8,1,10,1,1
C00398,54,M,11,1,5989.84,377,1,37514.86,0,13,1,1
C00399,73,M,103,3,9082.39,520,1,43485.1,1,12,0,1
C00400,42,F,61,3,93712.41,668,1,18097.45,1,16,1,0
C00401,53,M,68,1,1331.35,646,1,23699.27,1,15,0,1
C00402,44,M,25,2,6725.29,324,1,8000.0,1,11,1,0
C00403,54,M,12,1,7841.06,719,0,65685.07,1,14,0,0
C00404,24,M,26,1,9826.93,653,1,26204.98,0,10,0,0
C00405,39,M,102,2,17197.92,716,1,40464.73,1,9,1,0
C00406,46,M,110,1,16974.08,814,1,13142.07,1,14,0,0
C00407,63,M,12,1,11561.44,514,1,39956.66,1,15,2,0
C00408,52,F,43,4,32756.06,411,0,50291.09,1,12,1,0
C00409,24,F,51,4,6551.19,727,1,27276.63,0,13,2,0
C00410,61,F,117,1,8515.42,515,1,15869.42,0,12,0,1
C00411,67,M,37,2,22486.25,712,1,26334.44,1,12,0,0
C00412,45,M,46,2,18100.92,679,1,8000.0,1,14,2,0
C00413,71,F,53,3,13107.48,531,1,27545.36,1,11,0,0
C00414,53,M,88,1,28609.31,557,0,37851.61,1,9,1,1
C00415,68,F,80,1,8931.16,555,0,27570.91,0,6,2,0
C00416,43,F,13,1,31597.34,702,1,24590.33,1,14,0,0
C00417,44,F,89,1,20508.52,723,0,34330.82,1,10,0,0
C00418,23,M,118,1,6508.59,364,1,35248.3,1,10,3,0
C00419,48,M,54,3,40121.02,489,0,8081.13,1,12,3,1
C00420,63,F,57,2,23352.44,472,1,29065.88,1,15,2,0
C00421,23,M,116,1,9700.19,526,1,57231.82,1,15,1,1
C00422,47,F,118,2,3983.86,687,1,11979.81,0,7,1,0
C00423,38,F,4,1,8701.93,700,0,26974.97,1,19,0,1
C00424,61,F,75,3,18786.24,512,1,51300.95,1,13,2,0
C00425,54,M,96,4,7593.35,352,1,41250.1,1,7,3,1
C00426,30,F,49,4,6420.73,438,1,21839.24,1,8,0,0
C00427,64,F,7,3,0.0,717,0,30473.62,1,6,1,0
C00428,69,M,110,1,27997.44,442,0,27974.66,1,11,1,1
C00429,60,M,11,1,31234.44,808,0,19023.14,1,9,0,1
C00430,50,F,92,2,24877.43,785,0,27108.97,0,10,2,0
C00431,63,M,54,3,9200.19,736,1,24640.41,0,12,0,0
C00432,47,M,105,1,43846.71,842,1,29352.99,0,9,2,0
C00433,56,M,87,1,24066.88,592,0,19019.4,1,14,1,0
C00434,71,F,45,3,36497.66,583,0,12680.58,0,13,0,0
C00435,46,F,23,1,11694.34,313,0,27504.63,1,8,2,0
C00436,45,F,114,1,11972.3,571,1,48581.42,0,10,2,0
C00437,34,M,28,2,30607.71,324,1,28986.44,1,10,2,0
C00438,28,M,107,1,7906.0,621,1,24020.87,1,10,2,0
C00439,57,F,111,1,24407.75,402,1,37049.03,1,9,2,0
C00440,66,F,57,3,27230.86,339,1,26100.16,0,12,1,0
C00441,41,M,26,2,31438.56,534,1,50416.4,0,12,1,0
C00442,22,F,25,4,46115.58,388,0,27953.05,1,14,1,0
C00443,29,F,54,1,24763.41,399,1,36405.96,1,10,1,1
C00444,67,F,29,1,11694.25,443,1,18944.75,1,15,3,0
C00445,37,F,83,2,9633.65,381,0,34037.07,1,9,1,0
C00446,35,F,97,2,15357.62,528,0,31301.12,1,16,1,0
C00447,33,M,36,1,10074.13,694,1,27321.93,0,10,0,1
C00448,72,F,14,3,8971.29,812,1,21978.91,1,13,2,0
C00449,44,F,78,1,8308.15,496,1,20343.64,1,17,2,0
C00450,36,M,35,1,15220.44,573,1,31388.23,0,15,1,0
C00451,49,F,30,1,25880.18,671,0,35547.27,1,13,0,0
C00452,55,F,92,1,75930.44,379,0,26474.05,1,11,2,0
C00453,23,F,17,1,24462.92,534,0,31447.22,1,16,1,1
C00454,53,F,67,2,31408.84,586,1,27545.02,0,13,2,0
C00455,44,F,80,2,21415.19,844,1,29182.31,1,7,1,0
C00456,43,F,110,3,64762.17,736,1,25594.66,1,7,0,0
C00457,72,M,30,1,18208.0,426,0,28215.67,0,6,1,0
C00458,46,F,116,1,34690.13,716,1,60376.49,0,11,2,0
C00459,43,M,93,1,49401.44,340,1,31739.61,1,13,0,1
C00460,43,M,45,1,42869.92,768,1,35743.56,1,4,1,0
C00461,70,M,79,2,13634.19,596,1,33256.28,1,5,0,1
C00462,73,F,110,2,6123.08,341,1,24846.2,1,12,0,0
C00463,63,M,89,3,98.95,578,1,43527.87,1,15,2,0
C00464,27,F,51,1,4200.73,758,0,24506.03,1,11,0,0
C00465,36,F,102,1,4869.95,332,0,40660.65,1,11,2,0
C00466,64,F,106,2,10096.91,575,0,23989.52,1,9,3,0
C00467,58,M,47,1,13345.8,389,1,16480.33,1,14,3,0
C00468,54,F,53,2,11747.49,823,1,32384.75,1,9,3,0
C00469,29,F,64,4,24970.79,459,0,14743.98,0,12,3,0
C00470,74,F,118,1,8331.56,757,1,34427.68,1,7,3,0
C00471,65,M,116,3,22124.31,698,1,13670.1,1,10,6,0
C00472,65,M,38,2,21432.59,390,1,24171.9,1,12,0,0
C00473,26,M,64,1,17082.33,765,1,10819.24,1,11,2,0
C00474,60,M,87,2,43542.5,519,1,61890.0,1,13,0,0
C00475,25,M,89,1,7101.34,718,0,8152.49,1,13,1,0
C00476,27,F,106,1,7796.92,678,0,28117.76,1,11,3,1
C00477,66,M,7,2,11959.08,746,1,41719.65,1,14,1,1
C00478,53,M,22,3,10189.13,445,1,40436.63,0,11,1,0
C00479,73,M,81,1,13688.54,532,0,38216.11,1,13,0,1
C00480,51,M,82,1,10216.54,670,1,24193.26,1,14,1,0
C00481,68,M,113,3,6008.98,533,1,44213.07,1,8,0,0
C00482,56,M,41,3,8396.82,666,1,38960.69,1,10,1,0
C00483,61,M,74,2,14666.4,780,0,30547.6,1,14,1,0
C00484,73,F,10,1,18059.46,662,1,30886.97,1,12,3,1
C00485,37,F,57,3,14654.51,810,1,24352.93,0,14,2,1
C00486,34,M,7,1,12589.49,394,0,17084.18,1,11,0,0
C00487,71,M,112,2,8355.45,515,1,42845.81,0,16,1,0
C00488,63,F,50,1,6238.16,842,0,43746.5,1,13,0,0
C00489,51,M,102,2,4616.98,434,0,17390.69,0,11,1,1
C00490,40,M,91,1,38787.32,382,1,26154.58,1,17,4,1
C00491,38,F,52,1,6477.62,690,0,26278.92,0,19,1,0
C00492,40,M,33,1,23264.19,346,1,27608.13,1,3,1,0
C00493,49,F,1,1,34892.72,691,1,28771.54,1,10,1,0
C00494,47,F,108,2,3488.41,684,1,39362.34,0,11,0,0
C00495,58,M,53,3,10164.84,680,0,19033.39,1,12,0,0
C00496,47,M,60,4,53282.66,376,1,17843.84,1,15,1,1
C00497,74,F,34,1,35411.69,558,0,42839.44,1,9,3,1
C00498,44,M,4,2,11988.98,698,1,22448.26,1,10,2,1
C00499,30,M,17,2,29077.42,399,1,12843.58,1,12,1,0
C00500,33,F,4,1,29483.57,800,0,22178.44,1,11,0,0
C00501,74,F,43,1,6056.47,682,1,24039.37,1,23,0,1
C00502,22,M,118,2,40045.41,491,1,46659.55,1,15,1,1
C00503,22,F,90,4,19422.88,644,0,39097.91,1,11,1,0
C00504,68,M,4,2,13688.32,309,1,41770.25,1,9,2,0
C00505,55,F,1,1,122353.15,563,1,37839.68,1,8,2,0
C00506,53,F,71,2,34166.36,567,0,39354.92,0,15,1,0
C00507,69,F,94,1,8966.33,494,1,19743.01,1,11,2,0
C00508,46,F,50,3,6765.93,706,0,25616.77,1,6,4,0
C00509,61,F,73,2,23213.91,595,1,16121.02,1,8,1,0
C00510,66,M,61,1,24248.4,396,1,25474.14,0,16,0,0
C00511,74,F,35,3,23211.08,761,1,36209.26,0,11,1,0
C00512,22,M,8,1,59015.74,386,1,29615.0,1,10,0,1
C00513,37,M,24,4,37783.28,376,0,43737.77,1,9,1,0
C00514,60,M,83,1,14071.36,782,0,14303.01,1,12,1,0
C00515,26,F,36,1,8311.03,445,0,34002.86,1,11,1,0
C00516,43,F,50,1,15188.84,410,1,13020.37,0,11,1,1
C00517,50,M,116,1,23705.17,596,1,29130.12,1,17,1,0
C00518,24,M,43,1,28191.44,725,1,36884.0,1,6,1,0
C00519,33,F,27,2,17312.11,633,0,25425.97,1,14,1,1
C00520,47,M,32,2,9996.51,822,1,34613.52,1,15,1,0
C00521,37,M,78,2,9624.78,837,1,16483.21,0,14,0,0
C00522,72,F,18,1,8940.81,461,1,8035.72,0,21,0,1
C00523,58,F,28,2,14609.77,729,1,34684.36,1,13,0,0
C00524,43,F,29,1,10486.4,368,0,48928.12,1,15,2,1
C00525,50,M,16,2,14640.09,432,0,16047.46,1,11,1,0
C00526,35,M,99,1,10556.07,488,1,42666.33,0,13,1,0
C00527,49,F,47,3,14093.82,578,0,28521.08,0,8,1,0
C00528,26,F,59,2,6332.43,729,0,11971.7,1,20,1,0
C00529,68,F,31,2,29919.98,841,0,14421.94,1,11,1,0
C00530,70,F,4,1,18027.22,460,0,28189.42,1,12,1,0
C00531,51,M,37,1,21304.68,752,1,23146.45,0,9,0,0
C00532,67,F,17,1,26864.16,469,0,12245.04,1,16,0,1
C00533,73,M,39,3,10993.17,356,1,8000.0,1,9,1,0
C00534,26,M,48,3,12913.12,539,1,17839.37,1,7,1,0
C00535,33,F,46,1,47780.97,657,1,30325.71,1,9,2,0
C00536,37,M,90,2,26687.75,500,1,27923.19,1,11,1,0
C00537,47,M,48,2,57245.11,743,0,21985.14,1,13,2,0
C00538,47,F,39,2,24783.96,601,1,30422.65,0,14,4,0
C00539,69,M,105,1,10222.47,405,1,40480.32,1,12,0,0
C00540,42,F,4,1,1852.35,400,1,32729.52,1,13,1,0
C00541,60,M,30,1,15641.59,396,1,26544.3,1,14,0,0
C00542,57,F,30,3,11801.9,328,1,39136.86,1,8,2,0
C00543,54,M,22,2,8154.71,805,1,16481.8,1,15,2,1
C00544,51,M,75,2,28622.26,737,1,25300.97,1,9,2,0
C00545,58,F,66,4,11678.36,678,0,25586.94,1,7,1,0
C00546,44,F,108,2,12776.82,372,0,13156.56,0,11,1,0
C00547,31,F,12,3,33153.84,553,1,22961.51,1,15,0,0
C00548,26,M,94,2,27181.0,815,1,8000.0,1,15,1,0
C00549,57,F,36,1,9801.0,849,0,50946.14,0,10,1,0
C00550,55,F,18,3,33288.82,319,1,16751.03,1,10,2,0
C00551,73,F,90,2,35822.87,834,1,47033.37,0,10,2,0
C00552,52,F,53,1,15726.48,720,1,28457.01,1,11,1,0
C00553,31,M,71,1,9335.32,745,1,34778.37,0,13,3,0
C00554,40,M,1,1,5379.1,435,1,22134.4,1,9,1,0
C00555,53,F,58,2,16902.28,804,1,30495.16,1,9,2,0
C00556,22,M,90,3,8283.92,600,1,35805.88,1,7,0,0
C00557,26,M,87,4,86287.83,332,1,35974.63,0,7,2,0
C00558,66,F,90,4,22950.46,577,0,37297.28,0,7,0,0
C00559,25,F,109,1,24381.16,432,1,23580.01,1,6,1,0
C00560,37,F,6,1,47518.42,826,0,22235.68,1,14,3,1
C00561,45,F,70,1,36923.2,425,0,8869.88,1,17,1,1
C00562,37,F,44,3,9358.74,644,1,34278.63,0,8,2,0
C00563,23,M,72,1,10536.08,316,1,40988.54,1,10,0,0
C00564,70,M,24,2,22642.54,677,1,47391.78,0,7,0,0
C00565,49,M,86,2,12550.58,359,0,31662.07,1,13,3,1
C00566,53,M,19,1,13353.93,766,1,18802.24,1,14,2,0
C00567,48,F,101,1,16910.18,690,1,8000.0,1,18,1,0
C00568,41,M,18,4,38585.62,486,1,40500.0,1,9,2,1
C00569,45,M,95,4,6993.55,797,0,8000.0,1,12,1,1
C00570,33,M,101,1,30184.83,660,1,23912.75,1,10,1,0
C00571,71,M,30,2,13893.37,748,1,25308.32,1,7,1,0
C00572,56,M,42,4,22156.12,480,0,27166.54,1,12,0,0
C00573,54,M,33,1,5110.9,429,0,28429.63,1,16,1,0
C00574,54,M,74,1,34890.66,448,1,29657.77,1,12,3,0
C00575,72,M,101,1,3002.49,771,1,8000.0,0,8,1,0
C00576,64,M,12,2,25825.94,799,1,28175.87,0,15,1,0
C00577,58,F,118,1,6667.64,654,1,8000.0,0,15,3,1
C00578,33,M,94,1,907.31,510,1,36786.62,0,8,2,0
C00579,24,M,27,1,12209.68,329,1,21338.5,0,11,0,0
C00580,22,F,39,2,7010.14,323,0,8000.0,1,6,2,0
C00581,54,M,9,4,12861.1,521,0,18229.54,0,11,3,0
C00582,61,F,118,3,10577.33,700,1,21159.1,1,12,1,0
C00583,31,F,21,3,25235.22,811,0,42288.4,1,19,2,1
C00584,64,M,76,2,20536.32,387,1,30359.65,0,16,1,0
C00585,65,F,119,1,9425.95,764,1,32133.34,0,11,0,1
C00586,50,M,29,1,28216.34,349,1,42174.66,0,6,1,0
C00587,34,F,33,3,5171.13,402,1,26846.27,0,10,3,0
C00588,33,M,107,1,21897.64,667,1,37050.26,1,16,2,1
C00589,52,F,62,1,10073.8,791,1,36206.33,1,8,2,0
C00590,67,M,117,2,13909.33,567,0,12562.37,0,12,2,0
C00591,23,F,15,1,9843.58,696,0,45675.8,1,12,1,0
C00592,72,F,2,1,69505.93,619,1,10956.38,0,14,0,0
C00593,71,M,52,4,10160.37,819,0,39008.4,1,9,1,0
C00594,56,M,103,3,7920.85,748,1,9795.12,1,11,1,0
C00595,44,F,117,1,15188.71,775,1,35214.84,1,8,3,0
C00596,38,F,44,4,35461.23,539,1,50342.98,1,10,1,0
C00597,47,M,54,2,11876.9,557,0,25444.26,0,14,2,0
C00598,29,F,18,2,29535.22,689,1,24923.73,1,16,1,0
C00599,50,F,3,1,38839.32,642,0,35325.28,1,21,0,0
C00600,47,F,7,1,40574.7,686,1,24047.24,1,9,1,0
C00601,31,M,43,2,24013.11,693,0,49819.34,0,14,3,1
C00602,47,F,82,3,12001.66,569,1,30306.31,1,13,1,0
C00603,55,M,108,2,37112.92,448,0,24157.97,1,14,1,1
C00604,72,F,38,1,4541.0,679,0,21516.57,1,15,1,1
C00605,62,F,37,1,29445.01,327,1,16804.62,0,11,4,1
C00606,28,M,58,3,26371.72,448,0,20466.94,1,13,0,0
C00607,25,F,33,1,26395.52,719,1,23791.92,0,11,2,1
C00608,74,M,108,2,19208.93,579,0,22148.33,1,10,2,0
C00609,71,F,59,1,23370.28,481,0,20101.9,1,8,0,0
C00610,66,F,95,1,50209.33,465,1,53186.09,1,11,2,0
C00611,32,F,11,2,6125.86,316,0,15638.86,1,9,0,0
C00612,50,M,68,2,12308.9,449,1,29759.59,1,10,3,0
C00613,57,F,82,1,14290.84,638,1,35110.25,1,4,1,0
C00614,46,M,68,1,53824.7,344,0,35561.3,0,13,0,1
C00615,42,M,113,3,2905.75,801,0,27296.72,1,9,1,0
C00616,57,F,98,1,9612.84,488,0,25111.57,1,12,1,0
C00617,31,M,93,2,4763.71,360,1,33418.57,0,10,1,1
C00618,58,M,88,4,6636.55,593,1,31198.26,1,9,1,0
C00619,30,F,22,1,40104.27,332,1,24892.49,0,14,3,0
C00620,45,M,66,4,23311.57,598,1,9257.46,1,13,0,0
C00621,56,M,44,1,22589.38,714,0,22384.92,1,6,0,0
C00622,70,F,6,2,13898.22,848,1,14241.4,1,13,1,0
C00623,56,M,42,1,27250.2,730,1,19994.09,1,23,4,0
C00624,69,F,25,4,6920.26,794,1,28398.68,0,17,2,0
C00625,57,F,119,1,11192.61,399,1,32304.83,1,19,1,0
C00626,39,F,57,1,16273.46,322,1,49365.43,0,15,1,0
C00627,70,F,85,4,5413.92,719,1,21551.12,1,17,0,1
C00628,60,M,55,2,17991.68,723,0,37295.51,1,11,1,1
C00629,53,M,16,2,12594.86,786,0,31671.52,1,16,2,0
C00630,45,F,95,1,1495.53,388,0,43551.97,0,10,0,1
C00631,44,F,14,2,8858.14,508,1,34914.74,1,16,2,0
C00632,53,F,39,1,24592.75,570,0,15898.22,1,11,1,0
C00633,58,M,28,1,5680.11,705,0,8000.0,1,9,2,1
C00634,33,M,96,2,43635.6,577,1,31735.14,0,9,3,1
C00635,70,M,92,1,0.0,505,0,21658.59,1,17,2,0
C00636,34,F,51,4,29019.33,627,0,16236.24,0,16,4,0
C00637,44,M,119,3,35029.43,635,0,12789.07,1,14,0,0
C00638,46,F,49,2,48746.92,337,1,29931.71,1,14,2,0
C00639,56,F,9,3,35839.34,527,0,46092.49,0,8,1,1
C00640,62,M,58,2,8274.03,782,1,23095.93,0,16,3,0
C00641,51,F,45,1,16553.05,433,1,35083.24,1,16,5,0
C00642,38,M,22,3,9623.29,689,1,26772.8,1,10,1,0
C00643,70,F,32,1,5377.07,724,0,12527.41,0,10,2,1
C00644,41,F,69,1,1975.79,809,1,36817.74,1,15,1,0
C00645,69,F,87,3,41626.25,726,1,14863.7,1,15,3,0
C00646,46,F,69,2,21172.61,773,1,28259.52,1,12,0,0
C00647,43,M,42,3,14808.73,660,0,23901.76,0,12,0,0
C00648,34,M,53,1,41780.33,510,0,38716.93,0,10,0,1
C00649,40,F,96,2,19034.78,478,1,15302.19,1,16,0,0
C00650,70,M,59,1,20956.92,357,1,32690.44,1,14,2,0
C00651,57,M,74,2,25066.4,372,1,17922.43,1,15,4,0
C00652,33,M,39,3,5038.13,514,1,21866.74,1,9,0,0
C00653,62,F,15,2,14712.72,372,1,8000.0,1,14,0,1
C00654,40,M,71,1,62568.81,766,1,53105.18,0,13,2,1
C00655,33,F,29,1,38812.44,570,1,34606.68,1,9,3,0
C00656,30,F,111,1,34198.89,798,1,18791.83,1,10,0,1
C00657,28,M,3,2,14665.3,653,1,14504.13,1,12,1,1
C00658,49,M,83,4,29453.0,533,0,22052.21,1,18,1,0
C00659,35,M,10,1,6462.39,618,0,36602.55,1,11,1,1
C00660,52,F,92,2,9031.95,318,1,8000.0,1,15,0,0
C00661,73,M,29,3,15117.66,671,1,26300.99,0,14,4,0
C00662,40,M,79,2,16443.5,483,1,49247.7,1,16,2,0
C00663,68,M,35,2,7982.09,576,1,14392.64,1,19,0,0
C00664,37,F,6,3,11066.95,444,1,28964.62,1,12,1,0
C00665,74,M,12,1,4126.37,380,1,54439.72,1,13,0,1
C00666,26,F,111,1,16467.74,621,1,35585.82,1,23,0,0
C00667,56,F,38,1,33496.86,734,0,29511.09,1,9,2,0
C00668,33,M,77,4,22628.89,342,1,34079.64,1,12,2,0
C00669,46,F,93,3,4625.84,612,1,23189.62,1,11,3,0
C00670,73,M,19,3,18013.58,592,1,43595.58,1,12,1,0
C00671,42,F,67,1,30039.31,368,0,23208.04,1,11,0,1
C00672,57,F,8,1,17051.45,355,0,8000.0,1,17,1,1
C00673,74,F,8,1,14119.12,503,1,23304.36,1,9,0,0
C00674,44,M,119,1,21622.62,719,1,16399.19,1,9,2,0
C00675,37,M,84,2,52119.32,849,1,24625.67,0,14,0,0
C00676,60,M,47,4,5262.41,542,1,24890.99,1,15,2,0
C00677,66,M,4,3,10873.24,500,1,42369.08,1,12,0,0
C00678,74,M,51,2,15333.05,773,1,36343.51,0,13,2,0
C00679,63,M,85,1,20059.7,826,0,31159.19,0,14,1,0
C00680,60,M,67,1,7114.0,376,1,27964.66,0,11,0,0
C00681,35,M,45,1,6193.85,777,1,15293.7,1,10,0,0
C00682,52,F,8,3,4979.89,739,1,8000.0,1,7,2,0
C00683,26,M,87,3,51763.01,562,1,29357.92,0,12,1,1
C00684,56,M,16,1,22006.3,484,1,37535.69,1,11,1,0
C00685,44,M,77,1,18021.53,354,1,26699.99,0,3,4,0
C00686,50,M,67,1,33249.38,607,0,21581.75,1,10,1,0
C00687,64,F,112,1,9512.96,815,1,33574.03,1,16,3,0
C00688,32,M,9,2,32954.6,598,0,27000.01,1,13,4,0
C00689,39,F,60,1,13844.7,529,0,48228.93,1,12,1,1
C00690,68,F,78,2,8649.51,676,1,42792.74,1,13,0,0
C00691,33,F,77,3,33360.26,585,0,39514.1,1,8,1,0
C00692,30,F,117,2,30738.31,437,1,37092.81,0,13,2,0
C00693,31,F,71,1,31618.27,777,1,12517.99,1,11,0,0
C00694,65,F,15,1,7017.55,306,0,35955.92,1,9,0,1
C00695,38,F,71,2,51057.88,718,1,32515.91,1,13,0,0
C00696,59,F,102,1,46692.02,771,1,35277.1,1,11,0,0
C00697,28,F,98,1,17566.5,719,1,33911.31,0,9,2,0
C00698,67,F,41,2,7542.06,575,1,33433.15,1,7,0,0
C00699,34,F,22,2,7746.81,389,0,60410.4,1,14,2,0
C00700,61,M,24,3,77878.6,581,1,27085.77,0,9,2,1
C00701,63,M,113,1,12132.27,847,1,39236.05,1,12,1,0
C00702,30,M,101,3,14594.98,470,1,22348.12,1,11,1,0
C00703,71,M,44,1,6688.77,654,1,37487.7,1,5,0,0
C00704,48,M,1,1,11568.27,503,1,39271.84,0,15,1,1
C00705,23,M,10,2,21762.49,588,1,32373.11,1,8,2,0
C00706,26,F,107,2,12998.8,761,1,48030.96,1,10,0,0
C00707,50,M,80,4,51556.06,472,1,17388.69,0,10,1,0
C00708,58,F,110,2,18405.6,600,0,22153.35,1,16,0,1
C00709,59,M,72,3,29726.28,828,0,30548.56,1,11,1,0
C00710,40,M,56,3,10433.04,439,0,38569.68,1,11,1,0
C00711,29,F,113,2,6378.97,577,1,30153.15,1,11,0,0
C00712,69,F,89,2,15894.4,810,1,43429.11,1,10,1,0
C00713,66,M,50,2,4855.66,645,0,20059.72,0,11,2,0
C00714,22,F,12,4,11431.7,439,1,14313.06,1,20,1,0
C00715,43,F,89,3,49682.63,413,1,31697.54,1,10,2,0
C00716,73,M,81,1,17313.42,806,1,27073.84,0,16,1,0
C00717,38,M,60,3,1855.31,665,0,34514.36,1,11,0,1
C00718,28,F,26,1,10028.95,696,1,27671.17,1,6,1,0
C00719,46,F,110,1,11621.09,410,1,23919.76,1,5,3,0
C00720,66,F,112,1,109860.77,657,1,27100.75,1,12,2,1
C00721,25,F,78,2,7762.09,537,1,28346.19,1,11,2,0
C00722,57,M,41,3,7801.84,302,1,24340.22,0,11,1,0
C00723,27,M,36,1,23742.17,703,1,25562.42,1,8,2,1
C00724,52,M,23,1,11147.95,324,1,23156.88,1,14,0,1
C00725,40,F,43,1,13443.0,808,0,38279.98,1,12,1,1
C00726,65,F,6,2,8199.85,764,0,30328.25,1,12,1,0
C00727,60,F,111,1,12821.12,360,0,55081.03,1,13,1,1
C00728,48,M,69,1,10195.36,807,1,29928.45,1,8,0,0
C00729,31,M,43,1,6945.62,422,1,21389.71,0,9,1,0
C00730,47,F,25,2,28341.25,796,1,60048.1,0,11,2,0
C00731,40,F,18,1,5514.79,354,1,32963.52,0,13,3,1
C00732,60,F,62,2,27200.89,462,1,39881.5,1,12,0,0
C00733,24,M,13,1,31348.13,338,1,35105.24,0,12,1,0
C00734,66,F,43,2,14281.93,382,0,35476.13,1,8,2,0
C00735,34,M,78,1,12515.5,845,0,34427.85,0,10,1,0
C00736,71,F,28,2,8318.28,412,1,14774.99,1,10,0,0
C00737,49,M,18,1,21262.99,724,1,32410.35,1,9,1,0
C00738,41,F,59,2,20607.07,529,1,12101.66,1,11,1,0
C00739,49,M,60,4,21408.65,582,1,25907.65,1,12,1,0
C00740,29,F,63,3,3479.03,586,1,19292.59,0,9,0,0
C00741,62,M,57,2,44748.34,454,1,32289.64,1,13,3,1
C00742,60,M,92,2,4493.89,464,1,32009.51,0,9,0,1
C00743,22,M,51,3,12597.69,481,0,33773.75,1,6,0,1
C00744,24,M,56,2,12226.45,538,1,31447.56,1,12,2,0
C00745,34,M,27,1,430.57,638,1,20718.1,1,20,0,0
C00746,49,F,32,3,14896.03,811,1,24867.96,1,7,0,0
C00747,70,M,111,1,24635.86,565,0,39044.75,1,15,0,0
C00748,46,F,9,1,32903.63,486,1,40814.28,1,11,2,1
C00749,54,F,104,1,39368.07,339,0,14238.6,1,14,2,1
C00750,59,F,96,1,13506.22,792,1,9628.87,1,16,2,0
C00751,74,M,84,2,17571.41,690,0,19277.33,1,10,2,0
C00752,27,M,92,1,1202.43,559,0,40542.49,0,12,0,0
C00753,65,F,97,1,12600.47,475,1,42578.61,1,11,2,0
C00754,66,F,68,1,6553.2,628,0,16903.46,1,10,0,0
C00755,53,M,46,2,7904.25,499,0,31687.71,0,12,1,0
C00756,66,M,98,2,13671.03,495,0,50013.18,1,12,1,1
C00757,68,M,112,1,14049.24,830,0,32983.74,1,13,1,1
C00758,42,F,67,1,17355.5,361,1,45058.04,1,11,0,1
C00759,37,M,26,1,39926.59,626,1,39984.72,1,6,0,0
C00760,42,M,8,3,13443.26,580,1,17077.62,1,7,0,0
C00761,32,F,6,2,66452.96,526,1,25720.22,0,9,0,1
C00762,58,M,80,2,28773.14,357,1,28417.05,0,14,2,0
C00763,57,M,24,1,14818.26,776,1,29249.6,1,13,1,0
C00764,56,F,48,2,20067.68,675,1,38995.95,1,8,1,0
C00765,40,F,103,2,7136.43,542,1,32904.22,1,9,3,0
C00766,41,M,94,1,32370.44,666,1,8000.0,1,13,1,0
C00767,39,M,45,1,20713.89,799,1,12245.92,0,10,2,0
C00768,68,M,13,1,72784.91,551,0,8000.0,1,16,0,0
C00769,62,M,69,3,21208.92,621,0,30104.38,0,7,2,0
C00770,70,F,25,3,29222.02,675,1,30885.85,0,13,1,0
C00771,35,M,20,2,30648.99,708,1,31398.7,1,14,1,0
C00772,36,M,118,2,12508.46,787,0,16492.86,0,11,0,0
C00773,52,M,82,1,6532.56,642,1,36089.73,1,10,1,0
C00774,22,F,111,2,14592.58,539,1,36595.15,0,9,0,0
C00775,74,F,82,2,12812.73,438,1,12938.21,0,10,3,0
C00776,24,F,66,1,11356.51,421,0,10407.54,1,9,3,1
C00777,37,M,74,3,40250.4,719,0,27998.42,1,8,0,0
C00778,44,F,119,1,17400.2,603,1,49501.39,0,15,0,1
C00779,32,F,45,1,62672.43,414,1,48396.91,1,12,2,1
C00780,33,M,114,2,23512.26,642,0,34760.85,1,14,1,0
C00781,31,M,47,2,13526.17,550,1,19240.04,1,10,2,0
C00782,53,M,63,2,48680.95,306,1,38642.11,0,18,0,1
C00783,37,M,76,1,20102.32,478,1,22570.91,1,11,0,0
C00784,29,M,111,3,39413.7,444,1,18789.92,1,6,0,0
C00785,59,M,77,2,17093.03,715,1,8000.0,0,8,3,1
C00786,33,M,114,2,12386.69,420,1,29228.59,0,11,2,0
C00787,45,F,111,4,13030.09,423,0,20441.59,1,14,0,0
C00788,49,M,55,2,21140.93,449,0,29157.16,0,13,1,0
C00789,74,F,75,1,16616.77,696,0,8000.0,1,13,1,1
C00790,29,F,19,3,12330.15,680,0,30037.92,0,15,0,1
C00791,49,F,35,1,11429.53,300,1,8000.0,1,14,0,0
C00792,57,F,103,1,47669.46,543,1,41055.28,1,13,0,0
C00793,47,M,53,1,15844.49,697,1,34262.69,0,16,3,0
C00794,29,F,26,4,14624.25,550,1,24656.02,1,13,2,0
C00795,71,M,110,1,20518.15,598,1,34752.64,1,17,1,0
C00796,49,M,14,2,28267.17,596,0,16263.11,0,8,3,0
C00797,49,F,118,1,54499.29,799,0,28868.51,1,13,0,0
C00798,58,M,45,2,14140.78,414,0,37537.29,1,18,0,0
C00799,62,M,44,2,6464.85,300,1,8000.0,1,9,1,0
C00800,57,F,88,2,12658.12,781,0,22633.31,0,15,0,0
C00801,48,F,105,1,15135.48,809,1,27728.27,1,13,1,1
C00802,38,F,65,2,36556.24,634,1,25644.48,1,13,1,1
C00803,30,M,51,4,10711.71,764,0,45485.22,1,8,1,0
C00804,54,F,43,2,49726.08,440,0,14513.19,1,15,1,0
C00805,74,M,119,2,16132.78,436,1,20546.09,0,10,4,1
C00806,41,F,86,3,55372.18,466,1,8000.0,1,15,5,0
C00807,34,F,23,1,4802.09,642,1,46123.44,1,10,0,0
C00808,49,F,56,2,37237.5,709,0,25044.52,0,12,2,0
C00809,69,F,118,3,43896.7,364,1,22739.09,0,15,1,0
C00810,50,M,19,1,51690.45,366,0,27370.21,0,14,1,0
C00811,34,F,82,2,5781.16,732,1,35634.83,1,10,0,0
C00812,67,F,76,1,7354.37,349,1,32168.36,1,17,1,1
C00813,56,M,55,2,23044.37,613,1,59774.61,1,14,2,0
C00814,27,F,92,2,6592.24,608,1,33447.23,1,16,0,0
C00815,39,M,92,1,1374.69,414,1,22417.05,1,10,0,0
C00816,72,F,60,2,5867.69,641,0,21263.72,1,7,2,0
C00817,26,F,59,1,15255.8,829,0,23286.89,0,9,3,1
C00818,68,F,33,1,16712.85,794,1,9977.96,0,13,0,0
C00819,46,M,19,1,2907.58,568,1,28478.37,0,10,0,1
C00820,23,F,28,3,11713.51,379,1,37401.62,1,12,0,0
C00821,31,F,52,1,17982.44,755,0,20639.64,1,9,0,1
C00822,51,F,49,3,13584.62,598,1,18311.44,1,8,1,0
C00823,71,M,37,2,8445.88,501,0,46191.34,1,5,0,1
C00824,66,M,26,1,12496.06,802,0,10882.2,1,10,4,0
C00825,26,F,99,2,43945.59,784,0,8000.0,1,12,1,0
C00826,54,M,98,2,102467.31,317,1,14165.18,1,15,0,1
C00827,22,F,99,2,76571.16,777,1,9514.81,0,19,1,0
C00828,39,F,40,1,34485.9,787,1,32634.71,1,12,0,0
C00829,53,F,80,1,13665.06,745,1,23671.55,1,10,1,0
C00830,68,F,38,1,20583.82,639,0,25363.76,0,10,2,1
C00831,70,F,77,1,11954.56,830,1,41835.21,0,9,2,0
C00832,32,M,87,1,15616.08,415,0,19703.98,1,15,1,1
C00833,42,M,54,1,14144.28,373,1,37301.07,1,14,2,1
C00834,47,M,22,1,18169.83,568,1,46135.87,1,13,2,0
C00835,46,M,16,1,15522.48,415,1,22532.05,0,13,1,1
C00836,43,F,28,1,12309.22,463,1,36844.27,1,14,0,0
C00837,48,F,112,1,31338.34,521,1,25098.19,1,11,0,0
C00838,70,F,35,4,3174.45,425,0,39089.18,1,7,2,1
C00839,34,F,60,1,8373.41,475,1,9142.13,1,9,0,1
C00840,54,F,45,2,5868.53,674,0,8253.85,1,7,3,0
C00841,55,F,46,1,14391.11,797,0,23304.79,0,13,3,0
C00842,62,F,72,3,11235.98,384,1,17332.9,1,8,3,0
C00843,56,F,108,1,36891.77,682,1,21799.49,1,10,2,0
C00844,22,M,55,4,15240.64,762,0,25365.68,1,16,1,0
C00845,42,M,119,2,16891.8,750,1,36640.16,1,10,0,0
C00846,69,M,86,1,9089.77,817,1,23108.07,1,9,2,0
C00847,27,F,85,3,18732.24,849,1,18113.66,1,12,4,0
C00848,49,F,26,2,23124.53,415,1,23781.84,1,10,2,0
C00849,38,M,104,1,19165.44,307,1,18770.26,1,12,0,1
C00850,26,M,85,3,26383.51,517,0,16791.93,0,16,0,0
C00851,52,F,25,3,45245.06,703,1,8643.8,1,13,0,0
C00852,26,M,105,2,39935.67,603,1,28833.74,1,11,3,0
C00853,59,M,65,1,18727.66,766,1,21175.53,1,17,1,0
C00854,24,F,6,3,12997.73,387,1,39595.34,1,9,3,0
C00855,74,M,23,2,14381.32,309,0,10631.25,1,18,0,0
C00856,44,M,115,3,13826.03,607,0,21495.0,1,13,0,0
C00857,58,F,64,2,23040.82,733,0,49754.89,1,11,1,0
C00858,74,F,87,1,32595.65,463,1,16724.69,1,19,2,0
C00859,58,F,43,4,25683.47,538,0,25161.6,1,7,0,0
C00860,31,M,107,1,34213.89,616,1,13409.87,1,10,0,1
C00861,31,M,23,1,5441.08,634,1,11818.87,0,11,0,0
C00862,40,M,96,2,8360.73,317,1,46567.73,1,15,3,0
C00863,38,F,30,2,11561.72,370,1,30052.47,1,10,1,0
C00864,42,F,77,1,38770.33,474,1,29604.15,0,16,0,0
C00865,35,M,107,3,33557.24,638,0,8000.0,1,10,1,0
C00866,30,F,18,1,28425.21,547,0,32304.9,1,6,2,0
C00867,67,M,87,1,21077.8,492,1,41889.06,1,11,0,0
C00868,22,M,79,3,29482.17,718,1,41793.72,0,8,0,0
C00869,72,M,97,1,46115.94,624,1,36020.0,1,25,0,0
C00870,66,M,21,1,36004.92,605,0,14446.17,1,9,0,0
C00871,34,F,57,1,18010.38,503,0,31757.48,1,12,1,1
C00872,25,F,103,4,23733.43,422,1,36011.02,1,9,2,0
C00873,22,M,23,1,9145.92,746,1,8000.0,1,11,1,0
C00874,70,F,91,1,15708.55,790,1,14544.64,1,21,1,0
C00875,61,M,45,2,19039.06,732,1,38657.89,1,11,1,0
C00876,53,F,44,2,4803.79,427,1,38512.55,0,14,1,1
C00877,55,F,82,1,25820.84,847,1,9417.0,1,10,2,0
C00878,49,M,88,2,13789.5,346,1,37540.26,1,13,0,0
C00879,52,F,115,1,69457.45,804,1,29143.64,1,12,0,0
C00880,29,M,47,4,6201.45,414,1,37372.11,1,12,3,0
C00881,60,M,40,1,15362.97,715,1,20385.74,1,12,0,0
C00882,47,M,51,1,10543.5,522,1,35742.2,1,13,1,0
C00883,55,F,42,1,4075.67,802,0,38125.95,1,13,0,0
C00884,24,F,7,1,8531.63,395,1,23783.98,1,13,2,0
C00885,71,M,50,2,11031.26,406,1,28213.03,1,11,0,0
C00886,33,F,48,1,7137.37,331,0,20217.74,0,7,1,0
C00887,22,F,84,1,6578.44,792,1,47819.67,0,11,1,1
C00888,65,F,91,2,11603.56,365,0,26556.74,1,9,0,0
C00889,26,F,6,2,27804.19,478,1,16935.71,1,9,2,0
C00890,51,F,91,1,6690.54,742,1,19410.09,1,16,1,0
C00891,51,M,9,1,22925.95,848,0,29521.25,1,7,1,0
C00892,38,M,117,1,25401.11,500,1,37039.97,1,11,2,0
C00893,69,F,109,1,15796.9,348,1,11970.08,0,9,2,0
C00894,68,M,57,1,44192.61,562,1,50171.92,1,17,1,0
C00895,44,F,31,2,18936.9,432,1,31704.1,1,16,2,0
C00896,36,F,21,3,26328.09,643,1,33597.47,1,13,2,0
C00897,58,M,90,1,8765.8,475,1,26833.73,1,17,0,0
C00898,42,M,40,1,27438.06,690,1,28231.11,1,10,1,0
C00899,35,M,112,1,32886.96,310,0,26220.6,1,13,0,0
C00900,23,F,45,1,15959.72,500,1,40213.55,1,11,3,1
C00901,32,M,77,1,7986.57,302,0,27904.86,1,19,1,1
C00902,72,M,49,3,9421.72,513,1,37204.6,1,14,3,1
C00903,60,M,87,2,24440.25,606,1,22793.83,0,6,0,0
C00904,59,M,20,4,12699.45,843,0,30347.69,1,8,0,0
C00905,55,F,101,3,27964.94,626,1,18352.96,1,12,1,0
C00906,59,M,118,2,7128.19,498,0,42598.34,0,9,2,0
C00907,71,F,117,2,26154.79,408,1,17995.03,0,10,1,0
C00908,55,M,92,1,11795.89,590,1,24100.25,1,11,1,0
C00909,39,M,17,2,11229.21,407,1,24220.48,1,15,1,0
C00910,51,M,28,3,18709.22,707,1,23752.58,0,12,2,0
C00911,36,M,41,1,8935.2,351,1,36669.95,1,7,0,1
C00912,48,F,66,3,8746.57,411,1,24200.11,1,13,1,1
C00913,72,F,25,1,8405.12,594,1,44727.09,1,20,4,0
C00914,55,M,58,3,13884.57,488,1,18178.3,1,11,0,0
C00915,73,F,114,4,40691.46,364,1,30032.53,0,12,0,0
C00916,59,M,41,2,34714.32,764,1,18690.57,1,6,0,0
C00917,54,M,6,2,14797.24,557,1,33051.67,1,11,1,0
C00918,45,F,75,2,2601.07,630,0,27808.6,1,11,2,0
C00919,36,F,38,3,16981.94,800,1,26139.26,1,11,0,0
C00920,51,F,6,4,17200.81,509,1,42261.7,1,16,0,1
C00921,63,M,45,3,10240.37,388,0,20147.9,1,12,0,0
C00922,72,F,75,2,9319.44,327,1,35038.18,1,10,1,0
C00923,38,M,14,2,12614.07,537,1,18772.48,1,10,2,0
C00924,26,M,66,3,15869.78,635,1,29352.22,0,8,0,0
C00925,50,F,40,2,10912.72,362,1,13653.1,1,18,1,0
C00926,25,M,3,3,31866.05,799,1,20049.79,0,13,0,0
C00927,31,F,119,2,7246.14,840,1,27014.28,1,7,3,0
C00928,38,F,117,1,6563.05,768,1,49775.79,1,8,1,0
C00929,31,M,99,1,17209.63,350,1,29209.65,1,12,1,0
C00930,38,F,97,1,12577.23,411,0,47856.02,1,11,0,0
C00931,41,F,24,1,10039.52,600,1,30643.88,1,9,3,0
C00932,45,M,19,1,4643.66,389,1,23354.99,1,18,2,0
C00933,26,F,18,2,12296.79,528,0,46472.28,1,12,0,0
C00934,55,F,64,1,6909.28,449,0,33244.21,1,18,0,0
C00935,27,M,113,1,8632.47,437,0,20287.34,1,16,3,1
C00936,74,F,116,2,59364.98,434,0,33646.86,1,15,2,0
C00937,23,F,88,4,12057.04,756,0,24488.86,1,14,1,0
C00938,34,M,109,2,17427.11,793,1,8000.0,1,8,0,0
C00939,64,F,35,4,13079.61,826,1,39231.68,1,13,3,0
C00940,64,M,62,2,11104.52,632,1,41139.21,1,11,0,0
C00941,69,F,1,1,6173.17,661,1,50055.3,0,15,1,0
C00942,32,F,100,2,14302.27,473,1,33065.72,1,12,1,0
C00943,72,M,25,2,11315.19,512,1,25015.32,1,15,2,0
C00944,68,M,45,1,5619.85,642,1,38019.87,1,18,1,0
C00945,44,F,49,1,30640.66,360,1,38197.84,1,15,0,0
C00946,37,M,107,2,11168.09,360,1,47659.37,1,15,1,0
C00947,52,F,98,1,16143.29,823,1,27464.47,1,9,1,0
C00948,32,M,89,2,8330.91,515,0,26013.05,1,16,0,0
C00949,37,F,16,1,15259.4,722,1,19413.47,1,17,0,0
C00950,29,F,98,2,19958.24,722,1,34449.55,1,17,1,0
C00951,25,F,93,2,4357.22,670,1,9420.86,0,12,3,0
C00952,61,M,19,1,7636.1,505,1,37313.05,0,18,0,0
C00953,25,F,23,1,14639.0,585,1,35054.02,0,19,2,1
C00954,46,F,83,2,7885.62,404,0,35020.84,1,16,1,1
C00955,24,M,25,3,26634.22,842,0,29658.7,0,13,0,0
C00956,53,M,16,3,20558.88,541,0,46395.74,1,10,1,0
C00957,24,M,54,2,5980.57,790,1,38463.92,1,14,1,0
C00958,48,F,115,2,9208.59,797,1,20715.07,1,12,1,0
C00959,50,F,73,1,19977.12,734,0,20929.85,0,6,0,1
C00960,53,M,1,1,15027.47,783,1,17443.91,1,14,3,0
C00961,71,F,42,1,4339.93,746,0,34615.4,1,15,0,0
C00962,72,M,19,2,22927.71,683,0,15998.33,1,16,1,0
C00963,40,M,97,1,4653.13,809,1,41000.71,1,16,0,1
C00964,42,F,34,1,13915.44,469,0,43875.68,1,11,1,0
C00965,26,F,80,2,5349.86,622,1,17451.8,1,1,3,0
C00966,39,F,108,2,16059.0,773,0,25773.42,1,10,1,0
C00967,49,M,104,1,13485.01,531,0,28199.45,0,13,2,0
C00968,63,F,55,1,51473.81,658,1,38607.8,1,14,2,0
C00969,43,F,18,1,23518.37,574,1,47312.12,1,10,2,0
C00970,42,M,34,1,6955.58,331,0,8000.0,1,12,2,1
C00971,27,F,89,2,13362.07,476,1,24181.83,1,7,0,0
C00972,22,F,45,1,16454.58,364,1,24807.8,1,9,2,0
C00973,26,F,6,2,13984.43,326,1,11191.96,0,14,1,1
C00974,62,M,21,3,36825.67,778,0,22178.68,1,14,4,0
C00975,33,F,70,1,12854.61,567,1,33133.23,1,14,1,0
C00976,47,F,96,4,7905.22,365,1,24655.85,1,17,0,0
C00977,67,M,105,1,25410.37,432,0,9464.55,1,13,1,0
C00978,55,F,48,1,0.0,665,1,62488.99,0,11,1,0
C00979,70,F,107,1,27603.04,381,1,31194.13,1,17,2,0
C00980,35,M,39,1,21127.62,627,1,29340.33,0,12,0,0
C00981,47,M,31,1,10755.13,397,1,14824.88,1,20,3,0
C00982,66,F,106,1,15323.7,626,1,31128.47,1,22,2,0
C00983,48,F,10,3,26721.71,841,1,26029.43,1,14,0,0
C00984,30,F,30,3,24387.64,424,1,8000.0,1,15,0,0
C00985,47,M,116,2,11752.34,509,1,15156.93,1,6,1,0
C00986,68,F,18,1,13700.53,432,1,37539.11,1,10,0,0
C00987,43,M,60,2,18984.64,802,0,51328.21,0,14,1,1
C00988,68,M,88,2,5228.98,456,1,32405.98,1,12,2,0
C00989,51,F,116,3,5606.58,681,1,41237.0,1,13,0,0
C00990,64,M,73,3,1002.24,321,0,26130.94,1,16,1,0
C00991,69,M,95,3,9833.68,718,1,26961.45,1,8,1,0
C00992,38,M,15,1,17878.18,771,1,41091.75,1,6,1,0
C00993,47,M,4,2,75808.3,533,1,47953.33,1,5,0,0
C00994,57,M,63,1,19465.6,753,1,43613.16,0,9,0,0
C00995,22,F,40,4,2804.18,461,1,15203.64,1,14,2,0
C00996,29,M,9,1,18789.28,600,0,27196.49,1,10,2,1
C00997,70,F,109,1,14199.3,605,1,31330.3,1,11,1,0
C00998,56,F,9,1,6887.3,301,0,24883.86,0,12,0,0
C00999,73,F,26,3,44824.88,570,1,32654.29,1,9,1,0
C01000,36,M,4,1,14698.71,720,0,37846.92,0,8,2,0
C01001,68,F,81,1,84897.12,442,0,40033.72,1,11,1,0
C01002,43,F,16,4,13697.29,834,1,48230.44,0,8,2,0
C01003,35,F,15,3,19637.14,336,1,24046.71,1,16,1,0
C01004,47,F,99,1,7222.91,406,1,11631.6,0,11,3,1
C01005,49,F,52,1,15442.05,596,1,32298.82,1,13,4,1
C01006,44,M,69,3,10596.74,396,0,50605.73,1,12,1,0
C01007,35,F,119,3,28404.46,580,0,22276.29,0,13,1,1
C01008,45,F,5,2,26189.99,409,1,36242.16,0,11,0,1
C01009,23,F,20,2,30464.34,848,1,36348.95,0,14,5,0
C01010,66,F,79,1,25644.56,487,1,30297.3,1,12,0,0
C01011,47,M,18,3,36610.27,787,0,28083.1,1,12,5,0
C01012,35,F,111,2,5923.03,653,1,16918.85,1,10,2,0
C01013,72,M,2,2,16659.35,318,1,8000.0,1,11,1,0
C01014,28,M,93,1,20950.54,692,1,14657.79,0,10,2,0
C01015,24,M,13,3,24328.06,560,0,23316.35,1,14,0,0
C01016,68,M,4,2,29637.48,709,1,41169.07,1,13,2,0
C01017,44,F,42,1,3565.0,702,0,26762.46,1,15,0,1
C01018,67,M,109,2,5575.34,783,0,21771.69,1,13,0,0
C01019,64,M,74,2,35248.07,603,1,17308.17,1,10,4,0
C01020,68,F,61,2,12251.06,317,1,35881.67,1,8,1,0
C01021,66,F,95,2,2622.88,483,1,44300.29,1,13,1,0
C01022,39,F,105,2,30529.41,704,1,40761.23,0,10,0,0
C01023,59,F,8,4,43275.15,430,1,35273.8,1,19,1,0
C01024,56,F,67,1,10190.79,778,1,10292.65,0,8,0,1
C01025,72,M,112,1,32331.63,307,1,23779.91,1,12,1,1
C01026,36,M,63,1,47051.61,617,1,51367.65,1,10,0,1
C01027,46,F,110,2,47132.62,690,0,41463.41,0,13,1,1
C01028,58,M,9,2,41435.79,818,0,9549.96,0,14,2,1
C01029,49,F,94,3,19917.58,435,1,27332.91,1,13,1,0
C01030,31,M,117,2,11642.6,830,1,32357.18,0,10,0,0
C01031,60,M,11,2,6685.03,666,0,18854.1,1,8,0,0
C01032,38,F,99,4,0.0,788,1,8000.0,0,14,2,0
C01033,60,F,101,1,9876.06,310,1,29185.89,1,6,0,0
C01034,43,F,42,3,15586.22,745,1,18546.9,1,8,1,0
C01035,47,F,13,1,6057.94,413,0,18593.9,0,12,2,0
C01036,65,M,36,2,8363.74,495,1,23743.84,1,8,1,0
C01037,46,M,13,2,9803.09,622,1,26395.89,1,13,2,0
C01038,38,F,12,2,33340.41,811,1,27891.01,1,15,2,0
C01039,34,F,37,1,9090.68,464,0,17392.12,1,15,1,1
C01040,41,M,74,1,23217.95,551,0,25357.49,0,14,1,0
C01041,46,F,73,2,19495.05,343,1,8000.0,0,9,1,0
C01042,25,M,52,3,5235.63,769,1,31732.47,1,10,0,0
C01043,31,M,71,1,49937.38,788,1,8000.0,0,18,3,1
C01044,24,M,2,3,9520.95,480,1,24526.12,1,16,2,1
C01045,62,F,118,1,14177.0,376,1,39030.23,1,7,0,1
C01046,66,F,56,2,4322.12,673,0,15287.91,1,11,0,1
C01047,39,M,60,3,6842.86,366,1,36597.16,1,15,0,0
C01048,68,F,23,2,0.0,824,0,41868.79,1,8,2,1
C01049,57,M,103,4,6190.28,391,1,8000.0,1,9,3,0
C01050,68,M,40,2,19613.81,543,1,26183.65,0,18,2,0
C01051,43,M,64,2,37713.64,640,1,8000.0,1,15,1,0
C01052,55,M,103,1,20143.66,603,0,26581.5,1,10,1,0
C01053,68,M,85,1,9339.4,697,0,27913.95,0,12,2,0
C01054,29,F,23,1,5613.12,747,1,8000.0,1,11,1,0
C01055,61,F,29,2,14353.43,396,1,51098.06,1,9,3,0
C01056,70,F,78,1,6819.96,630,0,31432.19,1,15,2,0
C01057,65,M,90,1,5063.78,504,1,17811.72,0,10,0,0
C01058,40,M,51,1,26797.89,748,1,45584.55,1,15,1,0
C01059,63,M,69,1,3016.28,717,1,8000.0,1,9,0,1
C01060,62,M,119,1,33272.61,376,0,13249.95,1,14,1,0
C01061,58,F,95,3,9448.43,848,1,8000.0,1,13,3,0
C01062,27,M,89,3,58899.1,724,1,49612.54,0,11,1,1
C01063,73,F,31,2,14313.72,728,1,31988.16,1,13,1,1
C01064,47,F,50,3,32333.16,784,1,35912.82,1,13,2,0
C01065,55,M,20,1,6866.25,434,0,31612.01,1,14,1,1
C01066,66,F,108,3,35655.26,553,0,34885.21,0,7,3,0
C01067,27,F,55,1,28629.21,554,0,28936.93,1,13,1,1
C01068,58,F,81,1,24521.84,798,1,31251.06,0,13,0,0
C01069,54,F,109,2,19569.3,783,1,29291.24,1,9,1,1
C01070,74,M,2,1,19050.37,345,0,20696.9,1,12,1,1
C01071,43,M,25,2,4782.03,742,0,27440.5,1,12,2,0
C01072,42,M,13,1,17922.22,303,0,31283.13,0,11,2,1
C01073,27,M,103,3,40364.97,300,0,29326.59,0,3,0,1
C01074,27,F,92,2,15952.66,589,1,10266.73,1,10,0,0
C01075,69,M,106,1,2366.87,408,0,11860.16,1,15,0,1
C01076,25,F,119,2,11009.46,759,0,40994.1,1,9,1,1
C01077,51,F,70,1,21801.01,565,1,24316.07,1,10,0,0
C01078,32,M,67,2,7817.62,437,1,35016.7,1,10,2,0
C01079,51,M,58,1,13177.62,733,1,14894.56,1,13,0,0
C01080,52,F,99,2,7722.17,343,0,10322.25,1,13,0,0
C01081,45,F,82,2,30417.88,809,1,17876.84,0,12,2,0
C01082,30,F,75,1,3981.43,561,1,25329.22,1,16,3,0
C01083,24,M,118,4,23890.9,451,0,20018.32,1,9,4,0
C01084,72,M,84,3,10430.66,512,0,43527.2,1,12,3,0
C01085,52,M,64,2,21223.7,533,1,30154.28,0,11,3,0
C01086,61,M,69,2,56316.77,660,1,50187.26,1,9,3,0
C01087,58,F,83,1,6795.25,619,0,32852.9,1,16,0,0
C01088,57,F,86,2,7369.99,521,0,8000.0,1,13,3,0
C01089,45,F,59,1,34857.03,509,1,40672.5,1,12,3,0
C01090,52,F,60,1,7342.57,695,0,9885.38,1,8,0,0
C01091,27,F,83,4,10460.68,788,1,30766.4,1,9,4,0
C01092,23,M,111,2,30089.33,763,1,18703.79,1,13,6,1
C01093,41,M,62,1,74868.16,751,1,53712.53,0,4,1,0
C01094,49,F,16,1,16495.98,712,1,45275.18,0,13,0,0
C01095,32,M,88,2,4863.08,775,0,19098.15,0,9,1,0
C01096,25,F,105,1,15056.58,555,0,26471.71,1,12,0,0
C01097,36,F,68,1,12415.93,449,1,30935.18,1,11,2,0
C01098,27,M,15,1,25242.33,426,1,38360.97,1,7,1,1
C01099,70,F,89,2,29310.09,691,1,28349.82,0,10,1,0
C01100,51,F,108,2,36594.44,779,1,15701.26,0,18,2,0
C01101,59,F,55,1,4256.29,696,1,19389.3,0,8,1,0
C01102,72,F,35,2,19904.69,701,1,27946.22,0,15,0,0
C01103,23,F,55,1,6216.74,573,1,42813.48,0,13,2,0
C01104,36,M,14,2,11350.3,438,1,33134.05,1,14,0,0
C01105,32,M,49,4,28825.73,402,1,18719.02,1,10,0,0
C01106,29,F,83,2,8861.79,541,0,35780.47,1,7,1,0
C01107,47,F,102,3,17929.61,416,1,23356.18,1,14,0,0
C01108,72,M,100,4,27123.13,513,1,38684.9,1,14,1,0
C01109,66,M,7,2,55004.1,783,0,58324.13,1,16,1,0
C01110,65,F,30,2,30356.79,828,1,23694.08,1,11,1,0
C01111,26,F,83,3,33716.35,523,1,37619.26,1,12,2,0
C01112,27,F,49,1,16582.8,569,1,19055.28,0,9,1,0
C01113,47,F,89,1,6987.45,433,0,26652.83,0,16,0,0
C01114,25,M,16,4,10048.37,413,1,28354.75,0,18,2,0
C01115,40,M,111,2,14850.32,740,0,25675.8,1,12,2,1
C01116,41,F,118,1,18975.53,664,1,57556.16,0,17,1,1
C01117,54,M,104,1,17451.96,531,0,24320.88,1,18,1,1
C01118,41,M,51,3,13342.01,757,1,35042.22,0,8,1,0
C01119,70,M,72,2,12366.74,674,1,8000.0,1,12,1,0
C01120,33,F,82,2,10422.07,506,1,33183.96,0,18,0,0
C01121,68,F,92,3,19240.45,819,1,41704.66,1,8,2,0
C01122,22,M,80,2,22618.81,767,1,21668.83,0,11,2,1
C01123,47,M,116,2,25872.71,742,0,8000.0,0,10,4,0
C01124,35,F,83,2,11228.12,620,0,27536.18,1,16,1,0
C01125,59,F,42,2,13158.71,392,0,28206.21,1,16,1,0
C01126,58,M,17,2,29016.74,707,0,36688.9,0,11,1,0
C01127,32,F,63,1,23491.15,457,1,52130.84,1,7,3,1
C01128,57,M,45,1,20696.72,398,1,23439.36,1,11,1,1
C01129,34,F,77,4,17050.6,524,0,17724.54,1,10,1,0
C01130,64,M,7,1,14886.83,740,1,13996.99,1,12,1,0
C01131,24,M,27,1,25920.94,700,1,30376.94,1,14,1,0
C01132,54,F,10,2,28420.85,363,0,33752.25,0,13,2,0
C01133,27,F,34,3,23019.44,578,1,21452.14,1,11,0,0
C01134,71,M,36,1,18506.27,818,0,37344.19,1,15,1,0
C01135,31,F,25,1,10501.72,547,1,33584.61,1,8,1,0
C01136,26,M,6,1,20720.58,667,1,28518.78,1,12,1,0
C01137,44,F,24,2,25060.67,397,1,17171.02,1,12,1,0
C01138,31,M,18,1,20443.18,567,0,22217.63,1,11,2,1
C01139,65,F,87,1,18518.91,359,1,8000.0,1,10,1,0
C01140,23,M,6,1,11156.77,799,1,30829.44,1,13,0,0
C01141,34,F,29,3,54391.78,607,1,28316.1,1,14,1,1
C01142,61,F,25,1,29188.72,792,1,30261.75,1,15,0,0
C01143,23,F,55,1,10047.49,710,1,34051.83,0,12,1,0
C01144,41,F,81,2,13913.35,439,1,32629.86,1,9,0,0
C01145,22,F,46,4,6859.85,627,1,26675.4,1,13,0,0
C01146,58,M,24,2,10025.06,763,1,28584.02,1,11,3,0
C01147,30,M,75,4,8889.75,462,1,11148.2,1,10,0,0
C01148,38,F,26,3,19976.07,359,1,20995.35,1,5,0,1
C01149,30,M,115,1,36147.9,330,1,28605.65,1,15,2,1
C01150,32,F,98,2,17810.52,632,1,19169.76,1,16,3,0
C01151,36,F,28,1,17941.27,375,1,38321.81,0,7,0,0
C01152,45,M,3,2,11144.4,616,0,20096.42,0,11,0,0
C01153,59,F,75,1,6534.31,716,0,30595.66,1,16,0,1
C01154,56,M,38,1,5299.48,489,1,29398.79,1,5,1,0
C01155,51,F,61,3,27946.8,788,0,36955.33,1,14,1,0
C01156,52,M,78,1,43345.08,614,0,38809.49,1,12,0,0
C01157,70,M,51,3,15972.45,595,1,36328.39,1,15,0,0
C01158,26,F,90,1,19293.59,800,1,8000.0,1,18,1,1
C01159,65,F,48,1,43373.66,476,0,42329.78,1,17,2,1
C01160,71,F,21,3,8527.88,514,0,46327.7,1,11,0,0
C01161,35,F,54,2,28071.2,631,1,22214.51,1,10,1,0
C01162,74,M,56,2,22139.76,427,0,30839.76,1,9,2,0
C01163,32,F,103,1,17248.97,568,1,17310.02,1,13,2,0
C01164,30,M,94,2,12269.05,834,0,8000.0,1,19,0,0
C01165,55,F,59,2,22975.17,665,1,19135.42,1,15,0,0
C01166,33,F,72,2,26327.19,647,1,21518.33,0,16,1,0
C01167,56,F,51,2,1075.16,441,1,23741.79,0,14,3,1
C01168,56,F,20,4,11358.67,444,0,16493.03,0,12,1,0
C01169,22,M,112,2,0.0,544,1,19198.9,0,13,2,0
C01170,61,F,96,3,37181.68,741,1,27867.92,0,11,2,0
C01171,43,M,86,2,14653.77,589,0,18757.28,1,12,1,0
C01172,50,F,59,2,30012.86,411,1,34522.29,1,20,1,0
C01173,29,M,71,1,11343.82,513,1,36179.93,1,17,2,0
C01174,32,F,9,1,8749.32,499,1,56564.65,1,13,3,1
C01175,62,F,109,3,7468.51,704,0,41508.16,1,7,2,0
C01176,58,M,1,1,10087.75,720,0,30917.24,1,11,0,1
C01177,35,M,29,1,9510.61,306,1,20556.83,1,12,0,0
C01178,51,F,63,1,17756.81,824,1,31524.97,1,23,1,0
C01179,56,M,72,1,9505.03,585,1,31919.15,1,11,1,0
C01180,42,M,56,3,10013.58,688,1,21840.24,1,10,0,0
C01181,58,M,118,3,10446.51,715,0,37404.78,1,15,0,0
C01182,26,M,68,2,20505.87,449,1,11222.82,0,11,2,0
C01183,40,F,35,1,26504.67,727,0,25067.2,1,12,1,0
C01184,35,F,3,2,21362.2,592,1,34670.3,0,9,2,0
C01185,47,M,118,2,67091.71,633,1,24548.99,0,15,1,0
C01186,25,M,109,4,12816.8,571,1,25518.95,1,20,2,0
C01187,46,M,104,2,13958.3,342,1,26346.57,1,6,0,0
C01188,66,M,7,1,13388.72,767,0,17972.79,1,11,2,0
C01189,63,M,27,2,17090.25,618,1,42086.81,1,10,2,0
C01190,46,M,1,4,22777.32,791,0,15783.55,1,19,0,1
C01191,39,M,91,2,17914.6,826,0,31817.91,1,13,1,0
C01192,61,F,80,2,19100.44,471,0,32963.77,0,15,1,0
C01193,29,M,102,1,12376.5,620,1,16616.54,1,11,1,0
C01194,60,F,71,2,82174.72,343,0,28877.25,1,11,0,1
C01195,61,F,44,3,36988.87,831,1,17084.41,1,14,0,0
C01196,35,F,87,1,4577.59,753,1,44692.51,0,18,0,0
C01197,53,F,41,2,4734.25,382,1,14334.6,0,13,1,0
C01198,72,F,75,1,31196.6,842,0,20153.23,1,6,3,0
C01199,59,F,42,1,94101.39,621,0,13309.3,1,12,1,1
C01200,54,F,117,1,8124.24,533,1,11707.62,1,8,1,0
C01201,44,F,33,1,11606.73,839,1,47094.58,1,14,1,0
C01202,36,F,50,2,46999.69,551,0,34513.3,0,9,1,0
C01203,54,F,63,1,29640.05,748,1,29683.52,1,13,0,0
C01204,46,M,100,1,7842.02,538,1,20121.08,1,4,3,0
C01205,38,M,37,3,13000.8,789,1,38891.34,0,10,2,0
C01206,54,M,105,2,51654.68,763,1,18109.33,1,5,0,0
C01207,68,F,59,2,27912.93,613,1,37523.67,1,10,4,0
C01208,23,F,81,1,25037.22,474,1,17529.86,1,19,2,0
C01209,35,F,99,2,23095.28,479,1,20265.91,0,12,2,0
C01210,74,F,48,1,10152.12,684,1,37099.39,1,7,0,0
C01211,61,M,5,3,26994.42,594,1,38365.93,1,11,1,0
C01212,61,M,48,1,1449.34,514,0,35169.68,1,6,0,0
C01213,72,F,96,2,48854.83,374,1,15403.91,0,8,1,0
C01214,60,F,3,1,12545.86,643,0,22639.28,1,13,0,1
C01215,72,F,116,2,37461.03,441,0,29882.78,1,11,2,0
C01216,27,M,47,2,13430.1,498,1,17808.63,1,15,2,0
C01217,27,F,62,2,13090.07,470,1,44451.55,1,10,0,0
C01218,24,F,99,1,6877.6,705,1,8000.0,1,13,1,0
C01219,28,F,116,2,22703.56,527,1,18655.13,0,10,2,0
C01220,72,F,14,4,31800.71,710,1,21885.2,1,9,1,0
C01221,29,F,63,3,23075.08,361,0,8000.0,0,10,2,0
C01222,63,M,112,1,15470.76,626,1,11245.25,0,10,0,0
C01223,73,F,61,1,8943.11,432,1,35503.47,1,18,0,1
C01224,36,F,31,3,44867.96,488,1,28363.4,0,15,0,0
C01225,68,F,95,2,25137.3,655,1,46877.63,1,16,0,0
C01226,50,F,17,2,26588.98,370,0,46542.72,1,6,2,1
C01227,54,M,24,3,25855.28,562,1,33196.56,1,17,1,0
C01228,73,M,116,3,26565.54,605,1,31758.86,1,12,0,1
C01229,51,F,23,2,9111.19,523,0,28791.17,1,9,0,1
C01230,60,F,82,1,26046.87,627,1,8000.0,0,14,0,0
C01231,48,F,50,1,22386.86,373,1,11265.29,1,16,1,0
C01232,57,M,118,2,37228.15,810,0,29208.11,0,7,2,0
C01233,50,F,78,1,26469.13,441,1,35392.31,1,20,2,0
C01234,59,F,114,1,4025.36,401,1,31476.04,1,14,1,0
C01235,54,F,79,1,12995.83,364,1,17290.42,1,7,1,1
C01236,58,M,79,1,4102.22,492,0,39248.88,0,18,1,0
C01237,48,F,70,2,828.4,361,0,45789.33,0,10,1,0
C01238,54,F,27,2,17172.27,831,0,39255.88,1,12,0,0
C01239,25,M,15,2,36891.51,540,1,39875.19,1,17,1,0
C01240,43,F,50,1,10117.1,709,1,21289.29,1,14,5,0
C01241,23,F,36,3,19064.92,599,1,40911.21,1,12,1,0
C01242,31,F,119,1,41641.23,494,1,29749.1,0,6,3,0
C01243,26,F,8,3,31953.91,753,0,34138.67,0,9,0,0
C01244,31,M,79,3,18881.51,600,1,32385.18,1,14,2,0
C01245,54,M,3,1,20996.3,755,1,26542.15,1,12,0,0
C01246,59,M,62,2,13036.31,501,1,17679.97,0,13,0,0
C01247,34,M,47,4,7888.96,601,1,27014.36,1,13,3,1
C01248,52,F,77,1,11666.28,636,1,39841.14,1,10,2,0
C01249,68,M,105,2,10019.91,331,1,22702.29,0,9,0,1
C01250,57,F,98,2,12472.14,397,1,38720.17,1,10,2,0
C01251,66,F,88,1,44318.41,490,1,36844.85,1,14,0,0
C01252,45,F,104,3,30397.85,840,1,24412.75,1,8,0,0
C01253,73,F,96,3,11716.37,347,1,44665.6,1,14,2,0
C01254,36,F,61,3,12851.45,549,1,23733.44,0,11,3,0
C01255,50,F,32,1,7551.9,525,0,46114.56,1,4,1,1
C01256,29,M,94,1,27300.28,571,0,33209.52,1,20,2,0
C01257,26,M,116,2,26829.69,784,1,27809.61,1,13,1,0
C01258,50,F,113,1,7898.62,627,0,17346.38,1,10,0,0
C01259,68,F,13,2,7053.85,479,0,26940.88,1,8,3,0
C01260,25,F,1,2,17027.51,322,1,25554.89,1,6,0,0
C01261,33,F,34,2,18079.09,669,0,12900.44,0,16,0,0
C01262,66,F,62,2,13393.17,544,1,25388.61,1,16,3,0
C01263,23,M,79,1,18614.54,459,1,18354.36,1,12,1,1
C01264,48,F,108,1,16221.73,672,1,35031.9,1,18,3,0
C01265,52,F,78,1,6496.14,584,0,43675.37,1,14,1,0
C01266,72,M,93,2,16754.01,820,0,13277.01,1,11,2,0
C01267,72,F,98,2,14155.0,749,1,48547.69,1,11,0,0
C01268,57,M,82,3,33689.06,435,1,26457.39,1,10,0,0
C01269,57,F,118,3,54005.04,395,1,16299.74,1,10,1,0
C01270,47,F,71,4,39038.87,418,0,37093.06,1,17,1,0
C01271,64,M,93,1,17320.8,673,1,22642.55,1,13,1,0
C01272,48,F,119,1,22213.22,573,0,27019.16,0,13,1,0
C01273,26,F,31,1,19563.24,476,1,23148.66,1,13,1,1
C01274,41,M,64,2,53250.75,576,1,18199.14,1,13,2,0
C01275,32,M,25,1,11701.08,437,1,36687.96,1,15,2,1
C01276,31,F,38,3,13109.17,431,1,24564.38,0,15,2,0
C01277,61,M,14,2,21606.04,343,1,10760.18,1,11,2,0
C01278,59,M,8,3,24824.11,422,1,34612.72,0,8,2,0
C01279,27,M,91,4,8647.62,435,1,13533.01,1,10,0,0
C01280,29,M,54,1,21789.58,666,1,14160.88,0,12,2,0
C01281,44,F,2,2,27709.94,672,1,42311.27,1,14,3,0
C01282,68,F,81,2,14431.62,425,1,13643.92,0,15,0,0
C01283,47,M,101,1,31497.61,738,1,8000.0,0,10,2,0
C01284,67,F,78,1,13501.73,350,1,35474.34,1,5,1,0
C01285,64,M,89,2,44118.67,436,1,24353.64,0,13,0,0
C01286,33,F,56,1,17753.4,457,0,25388.14,1,14,0,1
C01287,47,F,94,2,19095.52,355,1,24226.0,1,13,0,0
C01288,34,M,93,2,2742.76,727,0,30780.04,1,17,2,0
C01289,61,F,84,1,3628.38,742,1,18967.37,0,7,2,0
C01290,39,F,85,2,14239.05,625,1,45713.38,1,16,3,0
C01291,46,M,61,1,12284.28,379,1,10285.23,1,8,0,0
C01292,54,M,117,2,15482.12,773,1,33338.5,1,12,1,0
C01293,68,M,22,1,7489.36,676,1,35705.45,1,10,1,0
C01294,61,F,35,3,34410.17,632,0,18884.18,0,10,0,1
C01295,64,F,101,1,26780.73,474,1,15715.19,1,10,2,1
C01296,33,F,16,1,7825.81,740,1,40206.09,1,14,1,0
C01297,65,F,50,1,17814.17,425,1,16109.67,1,7,1,0
C01298,57,F,113,1,30843.95,518,0,20720.03,1,14,0,1
C01299,69,F,43,1,23265.93,577,1,38647.71,1,9,5,0
C01300,25,F,17,2,10878.04,784,1,28416.89,1,11,0,0
C01301,26,M,80,2,24501.53,440,1,8000.0,1,7,0,0
C01302,58,F,58,1,11399.95,409,1,48964.71,1,10,1,0
C01303,29,F,119,1,15119.59,351,1,21639.87,1,15,2,0
C01304,63,M,2,2,9505.62,618,1,23166.91,1,13,1,0
C01305,70,F,4,2,15612.96,498,1,31069.41,1,12,2,0
C01306,49,M,85,1,8581.85,345,1,35500.92,1,12,2,0
C01307,52,F,39,3,44496.88,804,1,51533.25,0,9,2,0
C01308,30,F,98,1,12855.56,839,0,8079.18,1,11,4,1
C01309,72,M,94,3,6718.72,813,1,37911.43,1,23,2,0
C01310,50,M,6,1,12808.84,316,0,36916.12,1,17,1,0
C01311,35,M,81,1,13514.48,614,0,26354.02,0,12,1,0
C01312,61,F,103,4,13444.95,735,0,37447.28,1,12,3,0
C01313,62,M,89,1,14494.12,687,0,39211.29,1,11,5,0
C01314,43,F,69,3,8882.7,376,1,11416.45,1,6,1,0
C01315,32,M,69,1,9919.45,670,1,48997.2,1,11,0,0
C01316,44,F,20,2,7977.61,464,0,9294.85,0,9,0,1
C01317,22,F,64,3,9918.4,323,1,14376.2,1,13,1,0
C01318,67,F,16,1,24282.58,334,1,24858.55,1,11,0,0
C01319,58,F,51,3,22445.42,813,1,51099.29,1,9,0,0
C01320,42,F,105,2,16722.61,760,1,24300.92,1,20,2,0
C01321,47,F,37,2,14533.03,437,1,27616.79,0,17,1,1
C01322,67,M,104,2,20391.28,564,0,45184.94,1,19,0,0
C01323,57,M,73,3,47535.81,632,0,24396.18,0,11,0,1
C01324,44,M,69,1,1693.8,487,0,13858.76,1,14,1,0
C01325,22,M,42,1,10044.98,362,1,22993.18,1,12,0,0
C01326,72,M,57,3,7570.36,578,1,44449.5,1,10,2,0
C01327,61,F,66,3,7953.04,841,0,28850.38,1,13,0,0
C01328,36,F,9,1,7107.4,470,0,51167.9,1,14,1,0
C01329,42,M,107,2,18410.27,802,0,36855.22,1,15,1,0
C01330,68,F,100,2,16434.12,832,1,20262.29,1,14,2,0
C01331,30,M,86,1,77884.38,598,1,28612.92,1,14,0,0
C01332,74,F,64,1,6444.68,500,1,17761.38,0,11,0,0
C01333,30,F,86,2,13416.41,434,0,19978.8,1,13,1,0
C01334,31,F,22,1,67419.4,571,1,81749.01,1,11,1,0
C01335,73,F,34,3,31964.42,834,0,40223.49,1,12,1,0
C01336,74,M,55,3,19847.05,741,1,38333.18,1,11,0,0
C01337,47,F,29,1,12307.63,386,0,20521.84,1,12,1,0
C01338,62,F,38,1,27926.04,330,1,46835.01,1,9,0,1
C01339,56,M,110,1,10649.18,420,1,41192.99,0,14,0,0
C01340,73,F,97,2,9551.43,368,1,50579.46,1,12,2,0
C01341,46,M,18,2,30365.6,795,1,49997.37,0,10,1,0
C01342,47,F,71,1,15736.83,445,1,10250.93,0,10,3,0
C01343,32,M,65,2,4664.32,632,0,14681.93,0,15,2,0
C01344,59,M,97,1,20561.48,780,1,15954.55,1,21,2,0
C01345,23,F,1,1,18999.21,562,1,16672.71,1,9,1,0
C01346,28,F,88,1,39111.09,592,1,31881.43,1,9,1,0
C01347,39,M,4,1,2499.22,728,1,21198.36,1,18,0,1
C01348,48,M,4,1,34756.13,385,1,52871.18,1,12,2,0
C01349,55,F,82,1,18250.47,315,1,50856.16,0,9,0,0
C01350,48,M,27,3,12634.41,417,0,27922.46,0,11,2,1
C01351,38,M,43,3,10357.13,569,1,51463.91,1,10,1,0
C01352,64,F,59,1,26843.99,694,0,45857.62,1,8,2,0
C01353,65,F,32,1,49941.36,461,1,22591.52,0,14,1,0
C01354,72,M,33,1,10094.52,403,1,8000.0,1,6,2,0
C01355,45,F,28,1,9391.72,466,0,25384.38,1,13,1,0
C01356,46,F,106,2,15818.44,599,1,20264.53,1,11,0,0
C01357,28,F,105,1,22855.86,327,1,30478.07,0,8,1,0
C01358,73,F,55,1,7161.39,723,1,29070.74,1,20,0,0
C01359,27,M,100,1,21660.06,455,0,28756.21,1,12,1,1
C01360,74,M,60,1,16973.8,623,1,34284.22,1,4,1,0
C01361,45,M,70,1,5950.07,647,1,13449.74,1,11,0,0
C01362,54,F,62,2,12854.04,420,1,32936.32,0,15,1,1
C01363,70,M,80,1,11448.0,827,1,22724.61,1,7,2,0
C01364,50,F,34,2,32413.56,463,0,30399.79,1,11,0,0
C01365,64,M,87,2,17961.03,361,1,39488.92,1,12,1,0
C01366,43,M,114,3,19735.22,639,1,13307.2,1,12,0,0
C01367,47,F,106,3,14344.11,611,1,24624.48,1,11,1,0
C01368,49,M,88,2,11406.33,675,0,26577.59,0,5,1,0
C01369,71,M,56,1,27071.11,645,1,21828.77,0,11,1,0
C01370,42,F,113,2,10255.71,449,1,38797.95,1,19,2,0
C01371,70,M,13,3,12948.34,476,1,19355.34,0,10,3,0
C01372,28,F,56,1,15056.3,653,1,21335.2,0,11,2,0
C01373,38,F,18,2,19325.32,813,1,19480.97,1,9,3,1
C01374,41,M,54,3,7450.79,608,1,41104.66,1,4,1,0
C01375,62,F,77,2,9237.06,418,0,22090.67,0,9,1,0
C01376,70,F,113,1,5161.76,818,1,33520.54,1,14,2,0
C01377,41,M,101,1,27667.11,777,1,51708.46,0,18,1,0
C01378,43,M,43,1,8605.97,713,1,27102.18,0,8,2,0
C01379,49,M,39,1,6390.31,650,0,41344.73,1,11,2,0
C01380,61,F,61,2,30065.36,805,1,48056.25,0,9,2,0
C01381,70,M,42,2,6761.26,494,0,40326.3,1,11,0,0
C01382,28,F,81,1,20841.68,486,0,27798.38,1,14,1,1
C01383,22,F,79,3,14903.68,749,1,35705.29,1,9,0,0
C01384,53,F,18,1,4766.02,795,1,12551.46,0,14,0,0
C01385,34,M,23,1,16586.45,814,0,18639.48,1,13,2,1
C01386,51,M,54,3,4428.19,572,1,20743.9,0,10,5,1
C01387,44,F,115,3,31474.03,351,1,54887.35,0,18,0,0
C01388,72,M,30,2,17906.39,562,1,18248.99,1,16,1,0
C01389,40,M,98,3,6224.22,667,0,18070.28,1,14,1,0
C01390,53,M,58,2,10014.58,432,1,15472.95,0,8,2,0
C01391,51,M,68,3,14589.68,524,1,34717.74,0,12,1,0
C01392,50,F,67,1,1889.43,609,0,29711.46,1,14,2,0
C01393,70,M,71,2,10944.66,315,1,41041.11,1,8,0,0
C01394,66,M,18,4,12142.66,494,1,36055.12,1,13,1,0
C01395,50,M,106,2,27716.7,742,0,11435.32,1,16,0,0
C01396,51,F,7,1,13807.84,602,1,18312.67,1,7,0,0
C01397,37,F,40,2,25543.08,347,1,44383.94,0,12,0,0
C01398,61,M,70,2,40010.25,420,1,25560.42,1,11,1,1
C01399,40,F,86,1,5387.85,798,1,42251.1,0,16,1,1
C01400,39,F,65,4,27467.07,768,1,26203.83,0,10,0,0
C01401,22,F,68,1,27638.35,340,1,16388.12,1,8,1,0
C01402,35,F,110,1,15295.53,755,1,24360.87,1,16,0,0
C01403,72,M,49,3,73950.77,833,1,16383.4,0,15,0,0
C01404,68,M,52,2,6934.81,670,0,21213.37,1,10,2,0
C01405,71,M,114,1,13930.86,481,0,30411.11,1,11,3,1
C01406,23,M,107,2,26406.11,816,1,34139.26,0,17,1,0
C01407,49,F,29,2,12861.25,530,0,8917.7,0,6,1,1
C01408,70,M,21,1,6717.43,647,1,27791.58,0,8,2,0
C01409,71,M,90,4,10124.59,778,1,20960.61,1,16,3,0
C01410,51,F,78,2,29301.6,508,1,20219.02,1,7,1,0
C01411,59,F,9,2,26031.77,577,1,29592.22,1,8,2,0
C01412,72,M,47,2,22793.79,352,1,21394.58,1,10,1,0
C01413,25,M,76,2,50546.74,309,0,44585.66,0,16,1,0
C01414,22,M,42,1,12620.24,763,1,42256.74,0,13,2,0
C01415,29,F,51,1,9390.54,457,1,42181.94,0,10,2,0
C01416,50,M,56,2,15896.57,318,1,22061.08,0,15,1,0
C01417,60,M,51,3,27939.32,354,0,16450.01,0,10,1,0
C01418,24,F,70,1,10183.94,320,0,28984.36,1,13,1,0
C01419,53,M,20,2,896.42,581,1,26195.82,0,11,2,0
C01420,31,F,88,3,34527.8,839,1,20694.12,1,12,3,0
C01421,31,F,27,1,62637.15,716,1,13891.19,1,8,0,0
C01422,40,M,38,1,24238.93,584,1,27501.78,1,13,0,1
C01423,67,F,72,1,4734.87,831,0,23151.17,0,14,1,0
C01424,55,F,65,2,89352.2,831,1,36260.16,1,13,0,1
C01425,54,M,54,1,42103.13,810,1,35981.27,1,5,3,0
C01426,44,F,113,1,11099.22,695,0,41209.6,0,15,0,0
C01427,49,F,113,2,30028.77,419,1,12888.45,1,8,5,0
C01428,53,F,24,2,31597.17,396,1,32812.7,1,16,1,0
C01429,71,M,47,1,40270.46,419,1,19270.41,1,8,1,0
C01430,28,F,71,1,28611.41,836,1,13355.03,1,11,1,0
C01431,50,M,83,3,24625.11,452,0,22856.77,1,10,1,0
C01432,29,M,86,4,19276.76,544,1,40824.46,1,10,2,0
C01433,22,M,63,3,17978.67,815,1,23532.18,1,12,1,0
C01434,24,M,57,2,20318.27,692,1,46785.46,1,11,5,0
C01435,45,F,55,1,36154.72,442,1,34586.54,1,10,1,0
C01436,44,M,60,1,58440.94,803,1,23270.91,0,14,2,0
C01437,29,M,99,1,18255.93,519,1,41920.58,1,15,0,0
C01438,68,F,62,1,17049.27,459,1,33344.76,1,8,1,0
C01439,58,M,30,2,14458.74,375,1,16809.29,0,13,2,0
C01440,24,M,93,1,23487.01,331,1,50305.63,1,15,0,0
C01441,72,M,22,1,22333.98,633,0,31113.75,1,6,1,0
C01442,54,M,75,4,5152.95,824,0,28225.55,1,6,1,0
C01443,49,M,84,1,16694.09,739,1,17733.61,0,12,0,0
C01444,68,F,29,1,7895.5,651,0,42154.46,0,14,0,1
C01445,29,M,115,1,6904.86,638,0,34207.31,1,10,0,0
C01446,55,M,41,2,25420.3,699,1,35550.86,1,8,2,1
C01447,56,F,42,2,10164.12,695,0,21909.62,1,14,1,0
C01448,53,F,98,1,12209.95,501,0,38009.21,1,13,0,0
C01449,45,M,65,2,3064.5,829,1,38941.76,0,14,0,0
C01450,35,F,31,3,10685.41,392,1,19974.66,0,15,1,0
C01451,53,M,30,3,27999.44,657,1,10996.12,1,13,1,0
C01452,67,F,112,4,22196.33,695,1,34976.48,0,8,2,1
C01453,64,F,18,3,36809.7,359,1,9119.84,1,15,1,0
C01454,37,M,119,2,16001.93,776,1,29824.19,0,11,1,0
C01455,25,F,17,1,11311.36,300,1,22633.06,1,10,1,0
C01456,73,M,38,1,17170.78,610,1,42623.98,1,7,0,0
C01457,58,F,14,1,20802.23,467,1,23285.87,1,16,2,0
C01458,42,M,87,2,15659.46,491,1,41287.28,1,8,2,0
C01459,35,F,89,3,37373.89,333,1,21829.49,1,9,1,0
C01460,52,F,79,2,18592.16,333,0,39999.89,1,9,0,0
C01461,69,F,110,1,11815.03,716,1,52724.1,1,5,1,0
C01462,39,M,56,2,23531.11,457,0,15183.43,1,6,0,0
C01463,28,F,22,4,42813.54,799,1,31504.43,1,14,1,0
C01464,31,F,67,2,5004.85,665,1,60985.39,1,5,0,0
C01465,28,F,56,3,11281.93,639,1,28799.07,1,10,1,0
C01466,54,F,119,3,17998.87,634,0,28741.46,1,10,2,1
C01467,44,F,19,4,11662.17,626,1,37461.99,1,13,0,0
C01468,42,M,57,3,70925.88,413,0,28492.97,1,11,0,0
C01469,40,M,44,2,12724.83,717,1,8000.0,1,8,0,0
C01470,69,F,98,1,3264.79,767,1,41587.45,0,8,2,0
C01471,40,M,35,1,66643.21,442,0,8000.0,1,7,2,0
C01472,57,F,114,2,37079.31,608,1,22998.5,1,15,2,0
C01473,50,F,1,1,12710.26,700,0,42489.11,1,13,2,1
C01474,39,F,52,4,40783.57,619,1,23721.49,1,13,2,0
C01475,23,M,85,1,12089.29,511,0,19675.64,1,15,1,0
C01476,22,F,93,3,10142.99,616,0,38551.17,0,8,1,0
C01477,68,F,70,1,37988.3,484,0,17786.62,1,16,2,0
C01478,26,F,37,1,16394.2,504,0,13333.29,1,11,0,1
C01479,41,F,65,4,9180.44,663,1,31294.17,0,18,1,0
C01480,32,M,51,1,15495.38,515,1,25804.92,0,12,1,0
C01481,63,F,1,1,22569.3,545,1,13075.92,1,12,1,0
C01482,23,F,91,1,4112.55,538,0,35643.43,1,10,2,1
C01483,24,M,21,2,20584.39,690,1,33573.85,1,18,1,0
C01484,44,M,53,1,17370.71,819,1,23682.94,1,15,3,1
C01485,33,F,16,2,11202.94,576,1,24504.02,1,8,2,0
C01486,41,F,108,2,23024.62,501,1,33644.71,0,14,1,1
C01487,26,F,61,2,36202.95,513,1,42284.34,1,14,2,0
C01488,58,F,54,2,9947.47,777,0,24606.48,0,12,2,1
C01489,59,M,40,2,11144.26,807,1,35856.26,1,10,0,0
C01490,51,M,26,1,14266.04,374,1,34782.4,1,12,1,0
C01491,30,M,80,3,20678.07,441,1,38551.69,1,15,1,0
C01492,55,M,92,1,40270.61,621,0,28471.71,1,13,0,1
C01493,74,M,65,2,7236.51,760,0,17052.09,1,11,1,1
C01494,65,M,100,1,13335.69,445,1,22450.01,1,13,0,0
C01495,56,M,74,3,13093.96,353,0,32114.24,0,12,1,0
C01496,73,F,64,1,17665.54,655,0,49821.57,0,13,0,1
C01497,43,M,43,1,10557.05,576,1,22191.76,1,12,0,0
C01498,65,F,17,2,31349.35,699,1,37657.45,1,9,2,0
C01499,45,F,59,2,6687.8,815,1,24063.32,1,17,0,0
C01500,38,M,23,1,25169.91,798,0,29325.63,0,13,2,0
C01501,31,M,7,2,18321.67,610,1,46184.76,1,15,1,1
C01502,51,M,44,2,22183.07,570,0,37171.51,1,8,0,1
C01503,67,M,53,4,12060.57,748,1,13104.41,1,13,4,0
C01504,44,F,71,2,26350.99,411,1,21130.3,1,11,1,0
C01505,53,M,108,1,4706.78,538,1,43074.66,1,10,0,0
C01506,38,M,79,1,2218.51,443,1,29702.54,1,9,1,0
C01507,71,M,34,3,16186.06,673,1,14213.92,0,16,1,0
C01508,72,F,46,3,26290.22,319,0,18172.57,0,16,1,0
C01509,38,F,109,1,8335.07,588,0,36441.92,0,3,0,0
C01510,35,F,68,1,6900.81,496,0,39932.92,1,15,1,0
C01511,30,M,78,2,29234.19,681,0,28214.26,0,14,1,0
C01512,61,F,78,1,35546.0,791,1,57703.77,1,10,2,1
C01513,23,F,16,1,10943.71,463,0,37889.83,1,11,0,0
C01514,66,F,71,1,19064.75,548,1,25078.23,1,10,0,0
C01515,46,F,96,1,11846.38,367,1,18211.53,1,10,2,1
C01516,60,M,19,1,16997.67,320,1,16301.39,0,17,2,0
C01517,30,F,2,2,31482.21,811,1,32025.06,0,11,1,0
C01518,43,F,10,1,3222.9,689,0,22134.68,0,18,1,1
C01519,64,M,50,1,28417.97,835,1,48084.93,1,11,0,0
C01520,67,M,81,1,15135.32,410,1,45595.74,1,10,0,0
C01521,25,F,101,2,16478.32,759,0,35596.8,0,17,2,0
C01522,47,M,12,1,23126.21,377,1,13852.05,1,9,1,0
C01523,50,F,70,2,48813.54,733,1,19933.37,1,12,1,0
C01524,66,F,22,2,3405.84,679,1,43068.13,1,14,3,0
C01525,55,F,32,1,3425.93,739,1,21243.21,0,13,0,0
C01526,44,M,105,1,1293.84,638,1,41465.7,1,11,3,0
C01527,58,F,84,1,69439.02,723,1,33695.25,1,14,0,0
C01528,32,M,1,2,23450.15,468,0,28620.61,1,10,4,0
C01529,27,F,54,3,21982.07,561,1,19566.01,1,8,1,0
C01530,39,M,111,1,5462.28,528,1,26869.07,1,9,3,0
C01531,42,F,117,4,34928.81,460,1,30275.78,0,9,0,0
C01532,63,F,58,1,30708.27,726,1,40390.47,1,14,1,0
C01533,57,F,70,3,23066.63,421,1,17371.17,1,13,2,0
C01534,62,F,83,2,6359.8,448,1,24846.2,1,10,1,0
C01535,59,F,18,2,9117.38,410,1,28537.88,1,12,1,0
C01536,55,F,6,2,21932.79,520,1,35952.14,1,16,2,0
C01537,38,M,45,2,25720.5,363,0,17098.43,1,7,4,0
C01538,58,F,97,3,3681.05,653,1,12201.16,1,13,1,0
C01539,46,M,23,3,19089.23,773,1,36087.58,1,20,1,0
C01540,59,F,23,2,13609.4,784,1,9784.61,1,15,1,0
C01541,33,M,26,1,23739.72,312,0,43419.76,1,6,2,0
C01542,44,M,77,1,18521.34,452,1,26128.89,1,9,3,1
C01543,74,F,7,3,6920.02,538,1,9429.63,1,10,1,0
C01544,63,M,79,2,16695.25,489,1,22234.96,0,9,1,0
C01545,43,M,44,2,10048.87,385,0,32549.48,1,16,0,0
C01546,42,F,27,2,8975.27,320,1,21607.59,1,5,0,0
C01547,48,F,26,3,33408.73,618,0,28240.36,1,16,1,0
C01548,52,F,97,2,638.27,457,1,36880.94,1,8,1,0
C01549,27,M,79,3,10598.96,780,0,25573.72,1,9,2,0
C01550,48,F,36,3,7031.82,375,0,16755.31,1,13,0,0
C01551,61,M,109,1,5358.15,628,0,24412.19,1,8,1,0
C01552,55,F,55,1,2944.84,715,0,44978.08,1,11,0,0
C01553,33,F,64,3,5492.54,502,0,48220.77,0,7,0,0
C01554,66,F,91,1,23017.94,528,1,8000.0,1,11,2,0
C01555,74,M,57,3,5329.63,451,1,41092.33,1,9,2,0
C01556,28,M,69,1,27431.47,371,1,31001.77,0,16,0,0
C01557,31,M,61,1,3374.1,524,1,39087.79,1,13,1,0
C01558,66,M,2,3,2434.19,772,1,21394.14,1,14,1,1
C01559,38,M,55,2,10449.38,659,1,8000.0,1,11,0,0
C01560,47,F,97,1,36565.39,839,0,35013.87,1,14,0,0
C01561,42,M,80,3,21372.51,345,0,16708.27,1,13,2,0
C01562,49,F,87,2,25935.99,300,1,11340.49,1,7,0,1
C01563,67,M,38,2,11711.19,544,1,12179.18,1,10,0,0
C01564,23,F,119,1,30622.85,518,0,35210.97,1,11,2,0
C01565,64,F,80,3,5391.91,590,0,29673.43,1,13,1,1
C01566,22,M,78,3,10383.01,757,0,37389.59,1,7,2,0
C01567,72,M,29,1,22229.25,503,1,36028.9,0,11,1,0
C01568,74,F,26,3,16494.9,501,0,22948.8,0,15,1,0
C01569,57,M,35,3,66505.32,781,1,27154.32,0,18,1,0
C01570,72,F,79,2,4264.21,810,1,21862.75,1,10,4,0
C01571,47,F,67,2,97807.88,577,1,25476.07,1,10,3,1
C01572,50,F,87,1,25782.79,315,0,16392.94,0,12,2,0
C01573,42,M,29,1,18353.59,824,0,32685.81,0,7,2,0
C01574,32,F,34,2,8175.78,655,1,40901.45,1,9,1,0
C01575,61,F,97,3,11456.41,655,1,18200.64,1,12,0,0
C01576,32,F,41,2,43935.3,377,1,43375.24,0,9,2,0
C01577,57,M,41,2,12611.11,366,1,29362.26,0,16,4,0
C01578,70,F,23,1,19576.27,513,1,30892.95,0,16,2,0
C01579,60,F,71,1,117998.15,748,1,8000.0,1,10,1,0
C01580,61,F,3,1,6728.31,732,1,8000.0,0,9,1,1
C01581,56,M,58,1,22544.92,844,1,29729.4,1,16,0,0
C01582,55,F,32,2,24566.97,414,0,37476.79,1,8,3,0
C01583,68,M,31,1,13626.68,719,0,19943.43,1,11,1,0
C01584,45,F,82,3,14303.53,798,0,48041.13,0,17,0,1
C01585,43,F,43,1,9928.11,679,0,36819.23,1,9,0,0
C01586,26,F,7,2,15267.51,442,1,17099.9,1,15,1,1
C01587,54,F,105,2,19713.86,323,0,28370.18,1,12,1,0
C01588,57,M,1,1,6612.89,838,1,57723.15,0,6,0,1
C01589,68,F,61,1,59666.98,374,1,13089.23,1,12,3,0
C01590,41,M,14,1,1354.2,834,0,34339.24,1,12,3,0
C01591,40,F,52,3,16581.27,340,1,24127.07,0,13,0,0
C01592,56,F,96,1,18485.78,712,0,36482.76,1,11,3,1
C01593,73,F,6,2,7699.36,714,0,43207.28,1,9,3,0
C01594,64,M,103,4,4398.84,748,1,23365.15,1,9,0,0
C01595,38,F,10,3,26508.1,735,1,41426.95,0,10,2,0
C01596,66,F,71,1,33306.04,538,1,54654.44,0,7,2,0
C01597,64,M,90,3,6381.78,341,0,28795.3,1,9,2,0
C01598,55,F,98,1,12528.58,309,1,37418.66,1,8,1,1
C01599,30,M,30,2,14539.82,564,0,20914.71,1,13,3,0
C01600,47,M,100,3,9472.4,744,0,28231.11,1,11,2,0
C01601,23,M,21,2,27276.61,438,1,25879.9,1,9,1,0
C01602,74,M,60,1,32433.88,495,0,37563.23,1,13,1,1
C01603,30,F,81,1,11019.9,373,1,42456.11,0,8,2,0
C01604,30,M,97,1,75829.03,524,1,26684.14,1,9,1,0
C01605,61,M,74,2,7639.91,401,1,46403.47,1,12,2,0
C01606,38,M,115,1,16411.81,563,0,46360.57,1,15,0,0
C01607,22,F,63,4,19585.93,460,1,38162.24,0,23,1,0
C01608,46,F,111,4,8082.35,532,1,21807.68,0,15,0,0
C01609,64,M,42,3,17623.82,790,1,20658.05,0,16,3,1
C01610,61,M,51,1,9659.04,610,0,18251.42,1,11,3,1
C01611,63,F,64,2,20590.15,526,1,39389.99,1,8,1,0
C01612,46,M,76,3,25773.3,572,1,13458.78,0,12,2,0
C01613,60,F,56,3,9623.17,616,0,36122.05,0,11,3,0
C01614,56,M,80,1,30007.42,385,0,15026.69,0,9,3,1
C01615,24,F,41,1,6571.07,590,1,37882.55,1,12,0,0
C01616,71,M,32,1,19973.32,768,1,28206.63,0,11,1,0
C01617,58,F,15,2,5101.82,703,1,44003.66,1,10,1,0
C01618,65,M,62,2,6610.53,726,0,41697.45,1,17,0,0
C01619,65,F,27,3,7060.85,674,1,45220.78,1,15,1,0
C01620,72,M,28,1,18631.81,551,1,45529.82,1,12,1,0
C01621,51,F,81,1,17351.78,832,1,29723.57,1,10,2,0
C01622,59,M,64,1,13652.23,606,0,14094.48,1,14,1,0
C01623,55,M,110,1,9909.67,729,1,15369.72,1,13,1,0
C01624,33,F,59,1,12885.44,563,0,8000.0,1,13,1,1
C01625,40,M,114,2,22226.72,367,1,14996.01,1,7,0,1
C01626,58,F,58,2,20070.56,406,1,28825.88,1,11,2,0
C01627,65,F,2,2,11957.1,699,1,21284.15,1,10,1,0
C01628,70,F,36,1,4536.67,498,1,25838.37,1,14,0,0
C01629,38,M,114,1,33445.06,491,1,33912.59,1,16,0,1
C01630,31,F,71,2,3137.81,813,0,24351.22,1,13,0,0
C01631,70,M,13,3,7158.8,741,1,14538.05,0,12,0,0
C01632,68,F,15,1,9278.74,300,0,27361.2,1,9,1,0
C01633,33,F,89,3,11429.99,657,0,17218.11,1,8,1,1
C01634,37,F,87,1,14787.07,414,1,24750.56,1,10,3,0
C01635,45,F,60,3,22106.19,496,1,44113.32,1,11,1,0
C01636,40,F,22,3,11429.68,573,1,24753.94,0,14,1,0
C01637,29,M,63,1,25269.2,459,1,49251.49,1,13,1,0
C01638,52,F,90,2,11263.65,472,1,45179.63,1,15,2,0
C01639,42,M,97,1,30715.72,844,0,21048.34,0,14,3,1
C01640,38,F,75,3,22035.24,757,0,14666.51,1,9,1,0
C01641,44,F,74,1,12992.03,732,1,27369.35,0,11,0,0
C01642,58,F,25,2,11763.88,780,0,41839.93,0,19,0,1
C01643,37,M,101,2,9596.59,754,1,22117.71,0,10,2,0
C01644,27,F,48,3,12051.2,495,1,38897.08,1,12,0,0
C01645,29,M,43,1,14989.63,608,1,42501.28,1,7,1,0
C01646,46,M,117,2,5801.57,793,1,18711.69,0,12,1,0
C01647,39,M,38,1,51308.6,738,0,19887.39,1,10,2,1
C01648,46,M,41,1,62989.08,658,1,36551.94,0,11,0,0
C01649,33,M,45,2,18332.76,335,0,29822.17,1,13,1,0
C01650,36,F,88,1,55769.98,333,1,19767.26,0,19,2,0
C01651,47,M,40,1,3872.48,387,0,23773.83,0,12,2,0
C01652,62,M,110,3,0.0,315,1,27153.77,0,16,1,0
C01653,66,F,97,1,5395.21,720,1,9221.75,1,9,3,1
C01654,47,M,17,2,16242.73,425,1,37187.72,1,13,0,0
C01655,68,F,88,1,4513.41,307,1,22255.69,1,20,0,0
C01656,53,F,101,1,56548.16,771,1,8000.0,0,12,3,1
C01657,31,F,57,1,6934.25,767,1,27713.55,1,5,0,0
C01658,37,F,2,2,10364.68,809,1,19101.14,1,10,0,1
C01659,28,F,96,2,29622.88,701,1,48265.87,0,9,2,0
C01660,38,F,62,1,8586.31,475,1,20974.66,0,10,1,0
C01661,44,M,88,1,9980.76,666,1,14828.28,0,13,2,0
C01662,47,F,9,3,28775.05,787,1,34095.19,1,14,0,0
C01663,42,M,68,1,10685.21,317,0,20074.63,1,10,1,0
C01664,43,F,81,3,12166.0,355,1,18646.53,1,9,4,0
C01665,28,M,17,1,9958.22,334,1,34114.02,0,17,0,0
C01666,35,F,117,2,9035.86,646,1,15514.39,1,6,3,0
C01667,36,M,50,1,54063.83,331,1,10512.72,1,8,1,0
C01668,74,F,112,3,32614.86,432,1,48711.98,0,11,2,0
C01669,28,M,94,2,12194.16,498,1,34953.98,1,10,1,0
C01670,30,F,40,1,12404.26,555,1,24829.49,1,11,0,0
C01671,72,F,58,1,17129.71,641,1,27958.27,0,18,2,1
C01672,69,M,75,2,58518.37,530,1,34070.37,1,9,1,0
C01673,29,F,85,2,7984.58,600,1,39680.05,1,16,0,0
C01674,71,F,21,1,15619.32,846,1,18928.3,1,9,1,0
C01675,44,F,18,1,21693.47,325,0,32393.76,1,10,1,1
C01676,50,M,55,3,58201.89,834,1,21919.55,0,10,0,1
C01677,39,M,29,1,10744.99,773,1,25732.23,1,16,1,0
C01678,52,M,24,2,5158.44,686,1,29928.31,1,10,0,0
C01679,51,M,74,2,9850.47,584,1,27919.86,1,13,1,0
C01680,73,F,109,3,5793.76,749,1,36826.8,1,10,1,0
C01681,60,M,17,3,18370.41,619,1,33845.04,1,11,3,0
C01682,56,F,18,4,17081.26,455,1,9901.97,0,8,0,1
C01683,39,M,42,1,18050.2,770,1,11706.12,0,11,0,0
C01684,63,F,112,3,5641.03,719,1,23563.4,0,7,1,0
C01685,60,F,84,1,981.24,412,1,49943.5,0,11,1,1
C01686,38,F,101,2,4627.72,721,1,17780.9,0,14,1,0
C01687,35,M,45,2,7362.59,584,1,25501.33,1,19,0,0
C01688,52,M,82,1,25020.0,353,1,21563.85,1,12,0,0
C01689,45,M,17,4,8583.23,624,1,21351.47,1,11,1,0
C01690,56,M,73,1,8410.94,757,0,30138.88,1,13,0,0
C01691,65,M,14,2,11581.19,564,1,44809.33,1,11,0,0
C01692,66,M,49,3,15376.76,681,1,33471.62,0,6,1,0
C01693,55,M,29,3,16849.79,512,1,18357.63,1,13,1,0
C01694,24,F,95,1,31052.72,632,0,61038.75,1,11,0,1
C01695,58,M,4,1,7771.33,309,1,28942.88,0,6,2,1
C01696,64,F,82,3,22587.97,657,0,21073.35,1,17,1,0
C01697,61,M,20,1,7817.62,502,1,44945.16,0,16,1,0
C01698,47,F,47,2,8325.25,357,1,22371.15,0,12,2,0
C01699,44,F,107,1,46422.45,793,1,47954.96,0,14,0,0
C01700,65,F,108,2,8920.64,809,1,17552.29,1,11,3,0
C01701,60,F,9,3,22642.15,522,1,45160.36,1,12,1,0
C01702,36,M,77,2,4165.44,668,0,30412.57,1,13,0,0
C01703,70,F,79,2,10673.36,717,1,43492.63,1,8,2,0
C01704,25,M,27,1,23562.56,846,1,50821.19,0,15,2,0
C01705,50,M,15,2,37520.79,402,1,14408.71,1,8,2,0
C01706,43,F,92,1,28232.77,460,1,43309.26,1,13,1,1
C01707,46,F,101,1,19050.98,499,1,11093.15,0,18,1,0
C01708,34,M,119,1,11550.61,459,1,15433.79,1,14,0,0
C01709,39,F,19,2,25785.41,435,1,18359.09,0,11,2,1
C01710,54,F,90,2,27780.93,697,1,34043.64,0,9,0,0
C01711,37,M,52,1,3074.98,691,1,28396.19,1,8,1,0
C01712,66,M,26,1,8667.23,405,0,25994.37,1,12,1,1
C01713,63,M,89,1,30901.87,353,1,29754.82,1,9,1,1
C01714,65,M,26,3,18018.55,576,1,35095.48,1,9,2,0
C01715,23,M,26,2,9426.82,410,0,36018.98,1,12,0,0
C01716,56,M,46,1,35739.23,523,0,41130.0,1,20,0,0
C01717,63,M,92,1,5870.44,374,0,49840.42,1,8,1,0
C01718,55,F,49,4,13212.1,805,1,27743.65,1,9,1,0
C01719,51,F,82,1,19397.75,313,1,21746.93,1,10,2,1
C01720,34,F,96,3,11718.36,781,1,35362.43,1,14,1,0
C01721,34,M,53,1,27049.69,488,0,14268.94,1,14,2,1
C01722,39,F,3,3,13099.0,663,1,19855.55,1,7,1,0
C01723,53,F,66,3,7276.28,538,0,39992.57,1,8,1,0
C01724,53,F,97,2,10437.97,700,0,26510.46,1,12,1,0
C01725,56,M,42,1,48938.72,603,1,13501.69,0,15,0,1
C01726,60,F,19,1,16929.58,390,1,10122.36,1,5,3,0
C01727,67,M,17,1,16358.08,691,1,28584.6,1,13,1,0
C01728,73,M,108,2,2545.77,483,1,41702.76,1,12,2,1
C01729,50,F,33,1,9458.61,316,0,41542.55,1,11,0,1
C01730,70,F,76,1,16540.17,311,1,29330.57,0,19,2,0
C01731,50,M,49,2,5181.63,465,0,52106.91,1,5,1,0
C01732,74,F,56,2,17366.04,445,0,26742.16,0,16,1,0
C01733,65,F,63,1,15905.02,581,1,26337.19,1,16,2,0
C01734,37,F,3,1,32890.53,848,1,8000.0,1,8,2,0
C01735,65,F,107,4,15260.44,468,0,22631.64,1,13,0,0
C01736,68,M,49,2,13689.69,469,0,38224.18,1,13,1,0
C01737,31,F,55,3,5066.06,645,1,46767.54,1,13,2,0
C01738,51,F,26,2,24508.15,798,1,18037.18,0,8,0,0
C01739,46,M,99,1,21109.37,759,0,33547.03,0,16,0,0
C01740,60,F,72,1,6731.31,596,1,40562.55,1,13,2,0
C01741,41,F,52,1,39310.39,441,0,28134.5,0,11,1,1
C01742,26,F,100,3,6464.69,352,1,8000.0,0,13,0,0
C01743,22,F,117,2,9070.84,417,0,30967.48,1,13,0,1
C01744,51,F,118,1,6993.62,664,1,37137.17,1,13,1,0
C01745,70,F,7,4,45321.45,435,0,16630.93,1,14,0,1
C01746,24,F,46,1,19141.35,713,1,24950.15,0,13,0,0
C01747,66,F,46,4,34365.56,376,1,14134.05,0,10,1,0
C01748,35,M,100,4,10112.59,317,1,8000.0,1,12,0,0
C01749,51,F,16,1,14921.77,702,0,40324.05,1,6,1,0
C01750,71,M,24,1,6898.56,504,1,27955.02,1,16,1,0
C01751,25,F,61,2,29043.91,798,1,47172.1,0,14,0,0
C01752,39,F,54,2,4719.25,623,1,38287.87,0,6,0,0
C01753,58,F,62,2,8924.07,580,1,23749.48,0,9,0,0
C01754,46,F,1,4,14529.45,465,1,27001.83,1,13,3,1
C01755,69,F,49,2,33784.12,542,1,34794.13,0,12,1,0
C01756,22,M,25,1,9148.76,778,1,39602.6,1,9,3,0
C01757,74,F,10,1,14761.97,463,1,31872.05,0,8,1,1
C01758,67,M,118,2,15772.95,623,0,41267.12,1,11,0,1
C01759,36,M,80,1,57216.11,507,0,24439.98,0,12,0,1
C01760,30,M,16,3,39866.57,614,1,16034.28,1,15,0,0
C01761,36,F,58,1,17691.6,603,1,27222.29,0,15,1,0
C01762,70,F,72,1,13895.85,538,1,30462.22,1,13,2,0
C01763,45,F,29,1,6834.67,523,1,13581.58,1,17,0,1
C01764,25,M,103,2,40305.92,387,1,11959.33,0,13,2,0
C01765,33,F,92,1,20451.85,836,1,33368.64,1,11,1,0
C01766,58,M,6,3,12111.75,728,1,23123.72,1,15,1,1
C01767,58,M,16,2,13653.94,519,1,26009.91,1,16,1,0
C01768,64,F,20,3,41531.36,574,1,23683.69,1,13,1,0
C01769,27,M,80,2,13168.76,365,1,46247.21,1,16,1,0
C01770,60,M,71,1,16019.12,722,1,43141.13,0,15,1,0
C01771,67,M,105,3,33264.53,554,1,13151.76,0,16,1,0
C01772,45,M,78,1,13619.57,424,1,21606.48,1,15,2,0
C01773,32,M,43,2,12042.32,445,1,38200.05,1,13,0,0
C01774,34,M,26,1,83739.27,684,1,35223.23,0,13,3,0
C01775,55,F,90,3,54658.87,746,0,27502.5,1,9,1,1
C01776,46,F,78,3,36855.02,686,0,14348.8,0,7,2,1
C01777,28,F,71,2,27532.06,682,1,19809.52,1,17,0,0
C01778,73,F,33,2,11713.34,576,1,21798.79,1,12,2,1
C01779,25,M,26,3,39099.43,681,0,31323.93,1,9,3,0
C01780,29,F,45,1,9317.53,423,1,48444.73,0,6,0,0
C01781,41,F,84,3,29123.99,566,0,19757.44,1,15,2,0
C01782,50,M,63,1,40843.21,410,0,15687.58,1,12,1,1
C01783,74,F,67,4,16636.97,680,1,26696.96,1,20,0,0
C01784,72,M,52,2,29896.06,457,1,40380.87,0,12,2,0
C01785,66,M,68,3,25581.36,847,0,10637.4,1,11,1,0
C01786,67,M,26,2,4687.21,417,1,45443.61,1,14,0,1
C01787,31,F,75,2,16452.59,627,0,25935.62,1,12,2,0
C01788,64,F,2,2,7912.94,367,1,19188.16,1,11,4,0
C01789,55,F,14,1,16658.32,733,0,8797.73,1,10,0,1
C01790,47,M,108,2,6681.25,658,0,36478.25,0,7,2,0
C01791,62,M,30,2,16059.49,742,1,25945.95,1,12,2,0
C01792,70,M,49,3,28848.38,463,1,30048.47,1,9,1,0
C01793,24,M,12,2,71479.63,660,0,17190.26,1,16,1,0
C01794,27,F,90,1,10902.49,418,1,24170.85,1,9,0,0
C01795,26,M,44,1,14165.84,494,0,22161.03,0,16,0,0
C01796,26,F,33,2,14262.41,540,1,26792.88,1,14,2,0
C01797,68,F,13,1,49609.72,808,0,19965.37,1,14,0,0
C01798,44,M,78,1,15526.36,441,1,9589.83,1,4,1,1
C01799,70,F,88,3,24795.26,330,1,60742.0,1,7,0,0
C01800,30,M,98,2,41946.04,522,1,11639.15,1,10,1,0
C01801,56,M,108,2,9874.88,565,1,30177.51,1,12,1,0
C01802,41,M,26,1,40272.21,581,1,8000.0,1,14,0,1
C01803,70,F,21,2,37461.14,680,1,8000.0,1,10,4,1
C01804,63,M,28,1,45134.61,361,0,29173.92,1,15,0,0
C01805,56,F,48,2,14415.16,820,1,30092.41,1,8,0,0
C01806,71,F,100,1,10559.39,370,1,43137.99,0,10,1,0
C01807,39,M,40,3,35118.5,835,1,32794.56,1,8,5,0
C01808,38,F,66,2,14748.36,439,1,26202.27,1,11,1,0
C01809,45,F,106,1,21017.87,615,0,16604.8,1,8,2,1
C01810,24,M,73,2,7069.89,639,1,45988.14,1,13,3,0
C01811,53,M,87,2,5693.22,827,1,39146.21,0,8,1,0
C01812,56,F,79,1,9258.6,840,0,13044.05,1,13,0,0
C01813,59,M,77,3,19447.32,715,1,28455.56,0,9,2,0
C01814,34,F,23,1,8450.84,766,1,29728.63,0,9,2,1
C01815,68,M,81,3,11736.31,674,1,23852.16,1,12,1,0
C01816,46,M,48,3,18881.01,590,0,37262.21,1,15,0,0
C01817,30,M,2,1,23522.41,342,1,37980.8,1,17,1,1
C01818,25,M,84,3,23366.51,352,0,25714.17,0,10,0,0
C01819,35,F,20,1,11071.59,531,1,24629.57,1,10,1,1
C01820,58,M,59,1,14699.75,511,1,45987.5,1,13,1,0
C01821,55,F,46,4,5958.72,307,1,39194.07,0,18,1,0
C01822,32,F,3,2,14817.99,782,0,28868.32,1,10,2,1
C01823,62,F,55,2,21192.38,341,1,8449.49,0,13,1,0
C01824,24,F,12,1,14258.6,632,1,32128.0,1,13,3,0
C01825,49,M,40,1,8822.21,532,0,36377.0,1,11,0,0
C01826,50,M,66,4,20086.51,369,1,8000.0,1,10,0,0
C01827,30,F,100,1,7246.01,315,1,31022.43,1,14,0,0
C01828,24,M,78,1,45056.55,368,1,22999.7,1,13,3,0
C01829,46,F,16,2,2963.51,352,0,25349.75,1,11,0,0
C01830,55,M,83,2,56258.32,678,0,17111.43,1,15,1,0
C01831,33,F,34,2,11480.03,762,1,26221.73,1,17,4,0
C01832,63,F,44,1,15230.43,826,1,44703.9,1,14,2,0
C01833,30,F,110,1,9543.41,362,0,22643.22,1,10,0,1
C01834,36,F,6,1,5955.34,560,1,39586.88,0,10,4,1
C01835,61,F,77,3,7727.18,799,0,18324.03,0,11,4,0
C01836,46,F,64,1,7810.55,420,1,37105.07,1,9,0,0
C01837,26,F,100,3,19381.18,539,1,28019.87,0,10,0,0
C01838,32,M,22,3,9523.53,764,1,32224.3,1,7,2,0
C01839,55,M,18,3,22309.42,406,1,28085.84,1,15,2,0
C01840,45,M,12,3,6160.94,479,0,35699.5,1,8,0,0
C01841,36,F,52,1,37997.56,315,1,8000.0,1,14,1,1
C01842,59,M,118,1,17041.43,654,1,10962.1,1,10,0,1
C01843,29,F,94,2,8611.11,608,1,33004.97,0,12,0,0
C01844,26,F,117,1,10859.73,480,1,8000.0,1,10,0,0
C01845,69,F,51,2,7981.12,473,1,21633.04,1,14,2,1
C01846,47,F,104,2,13400.41,653,0,27347.91,0,18,4,1
C01847,39,M,71,3,15982.85,653,1,18062.32,0,9,2,0
C01848,27,F,96,1,20105.51,518,0,19701.26,0,13,0,1
C01849,58,F,48,3,36352.39,614,0,31258.99,0,10,1,1
C01850,69,M,19,1,12900.44,733,1,40111.54,0,10,0,0
C01851,34,M,6,2,52971.35,581,1,16498.61,1,14,3,0
C01852,49,F,84,1,53549.17,558,1,21099.3,1,11,1,1
C01853,26,F,27,3,32498.78,304,0,19224.87,1,10,1,1
C01854,34,M,53,1,15549.65,693,1,8000.0,0,9,2,0
C01855,38,F,107,4,8390.39,635,0,29700.54,1,12,3,0
C01856,71,F,101,3,12006.25,362,0,39216.61,1,11,2,1
C01857,61,M,48,3,20671.88,343,0,40199.72,1,17,1,1
C01858,66,F,7,1,11685.42,452,1,17550.8,1,13,1,0
C01859,53,F,59,3,5651.84,455,1,12979.62,1,14,1,0
C01860,50,F,69,3,15849.04,777,0,28259.27,1,12,0,0
C01861,72,F,11,1,3210.75,574,0,37951.28,1,11,5,1
C01862,24,M,15,1,21545.44,657,1,29858.21,0,11,1,1
C01863,61,M,64,1,4614.92,725,1,31471.66,1,15,4,0
C01864,55,M,3,1,15904.44,831,1,41701.97,1,18,1,0
C01865,61,M,69,2,34178.14,782,0,19130.36,0,17,1,1
C01866,48,M,23,4,8924.24,513,0,25360.36,1,11,1,0
C01867,34,F,53,1,20829.59,378,1,47615.27,1,13,0,1
C01868,66,F,37,2,29104.78,438,1,25638.27,1,14,1,0
C01869,54,F,9,4,14103.2,397,1,12791.96,0,9,0,1
C01870,27,F,15,1,8769.87,497,1,19967.73,0,9,2,0
C01871,45,F,3,3,13339.16,455,0,16741.84,1,11,3,0
C01872,40,M,93,2,10733.92,349,1,32285.95,1,12,0,0
C01873,37,M,70,2,15101.87,778,1,17248.64,1,14,1,0
C01874,61,F,17,1,7214.83,527,1,31252.41,1,11,0,0
C01875,49,F,26,2,14358.97,756,1,19167.22,1,10,1,0
C01876,54,M,21,1,9456.26,821,1,8000.0,1,11,3,1
C01877,69,F,72,3,34038.69,448,0,31679.44,1,9,0,0
C01878,62,M,21,1,12126.49,357,0,29781.56,1,11,1,1
C01879,34,F,11,3,34963.11,461,1,34213.09,1,12,2,0
C01880,64,F,38,1,15401.04,776,0,19924.15,0,12,1,0
C01881,66,F,72,1,28063.77,406,1,18645.47,1,18,1,1
C01882,46,F,106,2,19338.79,726,1,32817.6,1,8,0,0
C01883,74,F,88,1,20115.43,694,1,46228.23,1,13,1,0
C01884,63,F,35,3,18791.69,485,0,28134.02,1,14,1,0
C01885,57,F,119,4,31006.63,745,1,33095.02,1,12,0,1
C01886,48,F,14,3,10884.87,747,0,24140.95,1,12,0,0
C01887,59,F,119,1,15350.26,386,0,9476.43,1,7,1,0
C01888,28,M,14,2,10409.32,548,1,39609.15,1,14,0,0
C01889,26,M,10,2,26718.58,739,1,38900.97,0,12,1,0
C01890,64,F,12,3,19656.29,556,0,36529.29,0,13,2,0
C01891,66,M,38,1,8816.05,576,1,25816.65,1,7,0,0
C01892,72,M,108,2,20164.45,737,1,35164.67,1,13,3,0
C01893,52,F,119,2,21411.7,815,0,38725.14,1,12,2,0
C01894,44,F,110,1,48784.79,501,0,47441.9,1,13,0,0
C01895,63,F,34,1,36137.36,479,1,39862.31,0,17,1,0
C01896,31,M,41,1,21877.89,624,1,28765.85,1,7,0,1
C01897,53,M,10,3,8005.67,774,0,12300.96,1,14,1,0
C01898,64,M,17,3,26010.9,699,0,29867.9,0,10,3,1
C01899,74,M,17,2,19753.89,516,1,31078.93,0,8,0,0
C01900,51,M,67,1,65789.67,752,1,36508.36,1,13,0,0
C01901,60,M,62,1,5464.69,703,0,44246.7,1,6,2,1
C01902,52,F,95,4,7722.07,539,1,26858.19,0,12,1,0
C01903,39,F,115,4,5941.73,485,0,53211.85,1,9,0,0
C01904,57,M,1,3,19693.28,347,0,8000.0,1,7,1,1
C01905,23,M,12,3,50346.75,685,0,33032.1,1,14,2,0
C01906,35,F,103,1,8295.43,507,1,18417.76,1,9,2,0
C01907,34,M,4,3,29750.23,456,1,8000.0,1,8,1,0
C01908,50,F,42,1,19098.99,524,1,25578.71,0,10,2,0
C01909,33,M,13,1,26057.76,443,1,10513.93,0,12,1,1
C01910,60,M,98,2,11644.03,718,1,26062.87,1,12,0,0
C01911,23,M,106,1,31778.35,410,0,28417.23,1,10,1,1
C01912,53,M,85,1,2282.91,764,0,41422.5,1,6,2,0
C01913,34,F,86,1,21916.45,431,1,9908.98,1,13,2,0
C01914,67,F,4,1,9539.97,633,1,38901.34,1,13,1,1
C01915,48,F,82,3,12190.42,374,1,29176.97,0,9,2,1
C01916,70,M,69,1,33757.91,711,0,40346.19,1,15,1,0
C01917,62,F,19,1,5246.58,818,1,22818.99,0,9,2,0
C01918,38,F,2,1,3817.72,335,1,12013.06,1,15,2,0
C01919,61,F,12,1,20903.21,522,0,13390.01,0,10,1,1
C01920,52,M,81,1,11819.85,829,1,12498.31,0,14,1,0
C01921,55,M,74,2,20863.68,540,1,33733.77,0,12,0,0
C01922,45,F,98,1,8902.48,433,0,45723.06,1,12,0,1
C01923,66,F,6,3,3724.15,690,0,21220.58,0,12,1,0
C01924,56,M,8,4,14325.23,401,0,35549.62,1,11,1,0
C01925,69,M,51,2,9341.68,797,0,9718.7,1,15,1,0
C01926,27,F,11,1,41086.05,810,1,30163.85,1,7,0,0
C01927,40,F,63,1,5427.6,836,0,36022.75,1,10,1,0
C01928,51,M,57,3,10524.87,844,0,10622.5,1,13,0,0
C01929,28,F,12,2,7697.63,642,1,25553.4,1,8,1,0
C01930,31,F,73,3,10756.43,305,1,36591.01,1,15,1,0
C01931,62,F,2,3,20473.07,493,1,8000.0,1,13,3,0
C01932,53,F,8,3,18077.68,436,1,44025.44,1,10,0,0
C01933,55,M,11,4,6048.65,772,1,32244.15,1,11,1,0
C01934,49,F,53,2,5024.93,515,0,36600.73,1,11,0,0
C01935,36,M,100,1,2582.41,648,1,23047.37,1,11,0,0
C01936,51,F,10,4,25087.29,482,1,8000.0,1,13,1,0
C01937,58,F,85,2,23542.31,467,0,34408.76,1,15,1,0
C01938,50,M,84,1,1540.29,337,1,27008.92,0,12,1,0
C01939,43,F,112,2,12972.44,770,1,28385.39,0,13,1,0
C01940,25,F,8,2,20827.31,751,1,41051.28,1,7,0,0
C01941,41,M,36,3,32901.91,789,0,37144.77,1,11,2,1
C01942,53,F,93,2,44443.37,441,0,51054.85,0,16,0,1
C01943,57,F,106,1,12295.12,402,1,29846.25,1,8,1,0
C01944,71,F,76,4,11115.52,341,1,19705.45,1,17,3,1
C01945,25,M,14,3,9665.97,446,0,25739.0,1,10,2,1
C01946,48,M,112,2,25399.98,365,1,32987.96,1,11,1,0
C01947,38,M,54,1,62979.21,492,0,40190.28,1,8,0,1
C01948,33,F,114,1,8215.76,597,0,10395.59,1,20,2,0
C01949,43,M,85,2,12485.71,337,1,28102.45,1,8,3,1
C01950,38,F,86,1,10330.22,801,0,47314.5,1,16,0,1
C01951,31,M,21,1,10300.85,727,0,25117.49,1,16,0,0
C01952,22,F,108,2,11134.85,651,0,39172.14,1,13,1,0
C01953,43,M,50,2,13695.7,625,1,33917.41,1,11,0,0
C01954,47,M,94,1,5662.88,337,0,39470.33,0,10,6,0
C01955,39,M,39,1,10162.93,396,1,18282.87,0,8,2,0
C01956,71,M,20,1,25630.26,407,1,18335.18,1,10,1,0
C01957,35,F,88,3,13634.27,450,1,28243.26,1,15,4,0
C01958,68,F,87,1,1644.11,373,0,9613.34,1,7,1,1
C01959,50,F,7,1,14460.74,356,1,24763.11,1,16,2,0
C01960,33,F,9,2,36418.39,634,0,31034.52,1,11,1,0
C01961,57,F,1,4,24289.57,551,1,49415.63,0,9,1,1
C01962,56,F,26,2,6443.25,553,1,32832.62,1,9,1,0
C01963,73,F,38,1,11541.81,684,0,35502.74,1,16,1,0
C01964,33,F,38,1,6089.45,755,1,41973.71,1,16,1,0
C01965,28,M,118,3,15483.92,558,0,16424.11,0,11,2,0
C01966,50,F,61,1,25816.23,764,0,26019.01,1,16,3,0
C01967,32,M,44,2,35782.61,333,1,57104.95,1,12,1,0
C01968,54,F,86,1,12234.1,794,1,27050.53,1,17,1,0
C01969,27,F,44,1,87480.41,625,0,41397.17,1,11,0,0
C01970,68,M,74,3,61681.06,537,0,39564.85,0,10,1,0
C01971,36,M,119,2,40926.24,840,0,10262.64,1,6,0,1
C01972,53,F,62,2,18196.63,765,1,31725.75,1,19,3,0
C01973,72,F,6,1,10583.52,603,1,29760.97,1,14,0,0
C01974,32,M,17,1,11452.52,416,0,31959.51,1,10,0,0
C01975,44,F,51,2,1421.76,506,0,18950.65,1,10,0,1
C01976,47,F,114,2,9948.93,780,1,14596.97,1,10,0,1
C01977,55,F,38,1,24122.43,702,1,22287.88,1,13,5,0
C01978,67,F,24,1,20463.53,532,1,26826.46,0,9,2,0
C01979,55,F,51,1,44867.12,583,1,42219.81,1,7,0,0
C01980,50,M,10,4,6116.6,779,0,49807.73,1,13,1,0
C01981,25,F,72,3,3102.23,308,1,44759.17,0,12,3,1
C01982,38,F,21,3,31152.89,678,0,38322.22,0,5,1,0
C01983,56,M,70,1,11703.36,680,1,15947.92,0,12,1,0
C01984,34,M,85,4,1207.13,659,0,23093.25,1,13,5,0
C01985,62,M,57,1,90543.09,475,1,30519.11,1,13,1,1
C01986,60,F,39,2,29369.96,784,1,20410.73,0,12,1,0
C01987,36,F,88,3,11807.08,704,1,34926.47,0,10,1,0
C01988,50,F,33,1,30410.05,332,1,36645.83,1,17,2,0
C01989,50,F,59,1,20334.05,764,1,34435.48,0,10,0,0
C01990,32,F,18,1,29656.29,456,1,40301.62,1,8,2,1
C01991,73,M,56,1,30747.71,501,1,17144.91,1,7,1,0
C01992,53,M,92,2,3603.33,474,1,39193.94,1,10,2,0
C01993,23,M,57,2,24485.48,543,0,19652.25,1,11,1,0
C01994,68,M,116,3,3104.72,568,1,16708.77,1,10,0,0
C01995,35,F,96,2,0.0,745,1,34385.39,0,7,2,0
C01996,41,F,76,2,38735.96,373,1,42590.48,1,5,2,1
C01997,43,M,48,1,19340.6,395,1,33856.16,1,9,2,0
C01998,32,F,42,1,24351.93,472,1,28249.65,0,11,2,0
C01999,48,F,27,4,27444.5,705,1,31721.85,1,12,2,1
C02000,24,M,74,1,46728.25,454,0,29637.12,1,7,3,1
C02001,38,M,110,2,32285.87,482,0,14488.59,0,13,1,0
C02002,65,M,52,1,13178.87,622,0,13088.56,1,12,2,1
C02003,49,M,42,2,10356.31,588,1,27054.09,1,12,1,0
C02004,50,F,32,2,8998.85,557,0,28958.28,1,12,2,0
C02005,42,M,106,1,13055.74,473,0,28135.99,1,15,0,0
C02006,68,M,26,1,12376.49,629,0,36113.22,1,13,0,0
C02007,37,F,25,2,22638.28,530,1,25414.28,1,11,0,0
C02008,58,F,75,1,24009.69,460,1,34755.75,0,3,1,0
C02009,41,M,23,1,64792.68,485,0,26264.96,1,9,2,0
C02010,27,M,98,2,19111.12,442,1,49880.31,1,17,7,0
C02011,40,M,57,1,18226.36,581,1,28968.56,1,9,1,1
C02012,26,M,52,3,6330.54,326,0,56088.67,1,4,3,0
C02013,24,M,104,2,3219.54,545,1,32224.14,1,15,2,0
C02014,22,F,87,1,12482.4,786,1,25435.87,1,12,0,1
C02015,59,M,93,2,25765.77,501,0,17206.62,1,12,1,1
C02016,36,M,31,2,11663.65,320,0,10685.34,0,9,1,0
C02017,55,F,64,1,25761.13,393,1,16102.69,1,13,0,1
C02018,56,M,71,1,18156.01,307,1,17444.72,1,9,1,0
C02019,70,M,104,1,11116.68,771,0,32737.84,1,16,1,0
C02020,46,M,33,1,13642.8,638,1,21686.02,1,8,1,0
C02021,45,F,85,1,16649.89,558,1,30243.12,1,16,1,1
C02022,33,M,2,1,13818.83,354,1,43383.74,1,14,1,0
C02023,39,F,18,1,29514.42,847,0,26946.3,0,11,3,1
C02024,36,F,47,2,20666.96,305,1,52949.88,0,13,0,1
C02025,65,M,33,2,17467.27,676,0,13890.27,0,11,1,0
C02026,37,F,101,2,30840.77,349,1,26193.0,1,10,1,0
C02027,48,M,98,3,16299.76,411,1,21528.24,0,10,3,0
C02028,29,M,84,3,52658.13,445,1,39238.08,1,9,1,0
C02029,67,F,35,2,11667.77,529,1,8000.0,1,16,2,0
C02030,46,F,51,2,24293.55,796,1,10682.62,1,12,1,0
C02031,38,F,114,1,12712.17,605,1,26711.84,1,13,0,1
C02032,50,M,118,3,14179.78,841,1,46616.53,0,13,2,0
C02033,74,M,18,1,7397.87,760,0,30710.1,1,11,1,0
C02034,29,F,110,1,15894.96,525,1,11781.43,0,14,1,0
C02035,36,M,88,2,12723.93,358,0,13634.0,1,13,1,0
C02036,48,M,72,1,3881.52,375,1,48075.88,0,9,0,1
C02037,67,M,30,1,75050.99,727,1,20546.38,1,17,3,0
C02038,71,M,44,2,27060.27,431,1,16684.44,1,14,1,0
C02039,73,F,53,2,26569.42,797,0,45728.47,1,11,1,0
C02040,28,M,10,2,30418.5,604,1,40133.16,1,14,0,0
C02041,24,F,87,3,58952.02,366,1,43288.72,0,8,1,0
C02042,50,M,52,1,20853.01,529,0,16599.5,1,16,3,0
C02043,65,F,49,1,7974.03,632,1,9698.73,1,10,1,0
C02044,74,M,11,2,34159.66,576,1,29598.0,1,6,0,0
C02045,45,M,66,1,26944.29,443,1,32021.51,1,7,1,0
C02046,24,M,58,2,15686.93,550,1,32375.22,0,13,0,0
C02047,41,M,90,1,10723.63,379,1,45738.21,1,14,3,0
C02048,67,F,36,2,13888.73,356,1,8000.0,1,9,0,0
C02049,36,F,33,2,43690.78,665,0,38316.34,1,9,0,0
C02050,46,F,47,2,11574.67,607,0,14840.5,1,14,1,0
C02051,51,M,13,2,53580.12,473,1,38268.82,1,10,0,0
C02052,35,M,40,2,38996.31,761,1,22300.52,0,7,2,0
C02053,28,M,89,1,16879.36,792,0,18232.34,0,7,2,1
C02054,38,F,68,1,17553.07,673,0,20681.17,1,17,0,0
C02055,65,F,42,1,13007.88,648,1,10652.68,1,13,2,0
C02056,41,F,19,1,3468.61,366,1,28485.15,1,11,1,0
C02057,57,M,82,1,10617.44,629,0,18727.92,1,9,1,0
C02058,30,F,101,2,33425.82,493,1,37435.58,1,14,2,0
C02059,59,M,94,1,15806.2,454,0,35680.67,1,12,0,1
C02060,69,F,19,2,7311.22,459,1,48257.88,1,10,0,0
C02061,43,F,58,3,6860.29,565,1,32395.93,0,9,1,0
C02062,74,F,23,1,50410.87,467,1,34248.13,1,10,0,1
C02063,74,F,54,1,16293.95,444,1,44801.2,1,7,1,0
C02064,23,M,80,1,46583.17,485,1,20468.05,0,11,2,0
C02065,45,F,65,2,14638.26,722,0,10140.9,1,11,2,0
C02066,29,M,12,1,19283.23,756,0,30401.13,1,5,3,1
C02067,32,F,24,1,6540.92,644,1,10928.4,1,12,2,0
C02068,34,M,34,2,12922.25,815,1,57447.26,1,9,2,0
C02069,38,F,53,1,19898.73,403,1,45465.98,0,6,0,0
C02070,29,F,8,2,8356.94,546,1,53967.72,0,13,0,0
C02071,42,F,18,2,17694.99,322,1,28749.36,0,10,1,0
C02072,39,F,57,2,18468.2,824,0,34606.88,1,9,1,0
C02073,51,F,112,1,24691.41,443,1,22486.29,0,12,4,1
C02074,39,F,5,3,26647.08,492,1,38595.1,1,8,0,0
C02075,67,F,26,2,9530.01,764,1,13413.48,1,9,0,0
C02076,68,F,30,1,15434.12,674,1,8000.0,0,14,0,0
C02077,52,M,54,1,65610.88,565,1,18511.47,1,13,2,0
C02078,59,F,13,1,43753.28,677,1,10534.32,1,11,0,0
C02079,53,F,83,3,50727.09,849,1,45735.12,1,11,1,1
C02080,32,F,29,3,13164.96,373,1,49788.13,1,15,1,1
C02081,66,M,3,2,33997.67,737,1,11164.85,1,3,2,0
C02082,46,M,90,3,23120.06,525,1,43500.59,1,11,0,0
C02083,54,F,104,1,8058.62,607,1,39416.62,1,9,0,0
C02084,59,M,58,1,32694.49,647,0,9162.68,0,14,3,1
C02085,62,F,76,3,20147.05,775,1,23316.79,1,14,0,0
C02086,29,F,2,3,6224.26,614,1,21038.04,1,14,4,0
C02087,32,M,75,2,6670.69,824,1,36975.94,1,12,2,0
C02088,43,F,108,3,32712.44,724,0,13254.65,0,8,0,0
C02089,72,F,28,4,3683.54,823,1,26813.53,1,14,1,0
C02090,45,F,82,3,8546.88,548,1,19768.79,1,12,1,0
C02091,62,F,77,3,12531.84,481,0,33680.09,0,9,1,0
C02092,38,M,101,3,10553.84,405,1,25398.5,1,9,0,0
C02093,33,F,86,1,41577.38,490,1,21577.05,0,12,2,1
C02094,67,M,76,3,14099.45,436,1,25440.44,0,5,0,0
C02095,53,F,2,1,14817.77,419,0,52432.51,1,13,3,0
C02096,36,F,101,3,42004.88,371,1,22997.2,1,13,0,0
C02097,37,M,7,2,20287.04,430,0,15507.94,1,8,3,0
C02098,43,F,26,2,12351.74,756,1,35001.2,1,10,3,0
C02099,49,F,90,2,30097.61,778,0,26277.7,1,12,2,1
C02100,41,M,88,1,18575.76,351,0,11017.19,1,15,0,0
C02101,54,F,76,1,6798.45,418,1,54777.96,1,12,1,1
C02102,31,M,16,4,26282.26,563,1,23770.25,0,12,1,0
C02103,61,M,23,4,24498.81,538,1,23465.57,1,12,0,0
C02104,53,F,40,1,27219.85,650,1,29918.02,0,15,0,0
C02105,71,F,60,4,58595.07,554,1,48761.4,1,13,1,0
C02106,54,F,73,3,30749.28,608,1,8000.0,0,12,3,0
C02107,23,F,32,2,21371.62,794,1,31311.83,0,16,2,0
C02108,54,F,15,1,33534.39,356,0,53047.27,1,13,1,0
C02109,54,F,101,3,1526.47,702,0,29544.74,1,16,2,1
C02110,62,M,13,2,9186.98,366,1,13175.99,1,9,1,1
C02111,34,M,5,3,22966.32,345,0,20579.24,1,14,2,0
C02112,51,M,75,3,22691.14,668,1,30482.59,0,10,0,1
C02113,54,M,74,3,6926.73,531,1,43969.65,1,11,0,0
C02114,34,F,52,2,15612.31,701,0,23927.97,1,15,0,0
C02115,73,M,77,1,16969.77,322,1,37919.82,1,14,0,1
C02116,47,M,41,1,23925.03,566,0,10775.57,1,10,2,0
C02117,43,M,53,1,31544.75,417,1,10675.38,1,17,3,0
C02118,60,F,110,1,46063.66,354,1,22206.39,1,10,1,0
C02119,23,F,50,2,26933.83,452,1,45256.34,1,9,0,1
C02120,59,F,15,2,31665.44,538,0,28826.5,1,8,2,0
C02121,60,F,106,3,15799.0,564,1,31477.73,1,9,1,0
C02122,47,F,7,1,9603.33,567,0,31336.96,1,11,1,0
C02123,67,F,40,2,6854.77,412,1,41310.5,1,15,0,0
C02124,71,M,28,1,21500.6,465,1,20677.35,1,16,0,1
C02125,36,F,32,1,5940.57,307,1,36259.42,1,14,2,0
C02126,55,F,99,1,15064.38,516,1,18029.41,0,17,3,0
C02127,63,F,15,2,18859.64,730,1,51799.27,1,11,3,1
C02128,65,F,112,1,18213.44,591,0,18395.31,0,7,3,1
C02129,70,F,100,2,52309.9,349,0,17411.33,0,13,1,1
C02130,61,F,85,1,14488.64,406,1,34596.04,0,12,1,0
C02131,32,F,70,3,5165.95,308,0,28957.46,0,20,0,1
C02132,24,M,65,3,13910.67,755,1,31922.23,1,5,2,0
C02133,27,F,4,4,23306.86,622,1,30727.77,1,13,0,0
C02134,30,M,11,3,8481.49,608,1,14915.29,1,8,2,0
C02135,27,F,108,4,5726.04,444,1,47360.31,1,10,2,0
C02136,30,F,26,3,18479.37,711,1,38722.51,0,10,1,0
C02137,60,M,61,2,49716.07,413,1,44307.4,1,7,2,1
C02138,52,F,37,1,7770.51,698,1,21660.03,1,15,1,0
C02139,53,M,23,1,41149.25,574,1,32998.28,0,9,0,1
C02140,62,F,93,1,26830.71,423,1,30368.42,0,10,0,0
C02141,71,M,85,2,6533.0,385,1,41536.03,1,11,0,0
C02142,33,F,112,2,21969.51,346,1,41922.98,0,13,2,0
C02143,29,M,109,3,10340.11,500,1,30316.61,1,12,0,0
C02144,29,F,109,4,11849.66,575,0,9784.59,0,13,0,1
C02145,71,M,113,1,19048.4,848,0,49355.94,0,10,3,0
C02146,49,F,91,2,23791.59,429,1,34671.85,0,9,1,0
C02147,41,F,103,4,10611.07,747,1,20698.76,1,10,3,0
C02148,68,F,40,1,40224.38,688,0,32878.51,0,11,1,0
C02149,28,F,77,3,23587.88,562,1,9866.88,0,6,0,0
C02150,32,F,23,1,44825.78,577,1,40664.24,1,13,1,0
C02151,41,M,16,2,12342.02,345,1,10345.46,1,11,0,0
C02152,37,M,94,1,51374.75,467,1,25349.99,1,10,3,1
C02153,25,M,61,3,9086.91,744,0,30933.45,1,17,0,0
C02154,27,F,68,2,3266.97,345,1,40466.08,1,15,4,0
C02155,43,F,104,1,25764.48,839,1,29278.54,0,10,0,0
C02156,47,M,80,1,23926.45,386,1,35619.55,1,10,0,0
C02157,24,F,31,2,16355.49,684,0,27662.0,1,11,0,0
C02158,62,F,53,4,17162.73,564,0,27613.77,1,9,1,0
C02159,63,F,106,3,2738.58,321,1,29025.73,1,5,2,0
C02160,35,M,25,2,13993.77,749,0,25731.3,0,11,4,0
C02161,32,M,44,1,14684.59,531,1,8000.0,1,11,1,0
C02162,39,F,12,2,19264.62,485,1,18780.12,1,12,3,0
C02163,33,F,90,2,16547.89,625,1,30937.3,1,11,3,1
C02164,44,M,101,3,49770.01,482,1,25010.55,1,7,1,0
C02165,33,F,112,1,16902.4,696,1,26130.29,1,10,0,0
C02166,34,F,97,2,24995.49,780,1,24119.76,0,18,1,0
C02167,46,F,92,2,51585.49,702,1,17636.82,1,9,1,0
C02168,66,F,9,4,17954.99,762,1,22082.81,1,8,1,0
C02169,72,M,12,4,1142.49,716,1,24318.02,0,16,0,0
C02170,40,M,69,3,6413.62,501,1,28061.72,1,7,0,0
C02171,67,F,54,2,27105.34,364,1,32720.54,1,13,0,0
C02172,57,M,116,1,13198.43,316,0,25833.4,1,13,1,0
C02173,66,M,54,3,19675.77,482,1,15644.14,0,12,2,1
C02174,29,M,28,1,9177.81,690,1,11223.02,1,18,0,0
C02175,50,M,56,1,2922.52,343,1,59169.25,0,14,3,1
C02176,74,M,99,1,15614.09,781,1,14442.22,1,9,0,0
C02177,53,M,69,3,61213.24,562,1,21776.5,1,16,0,0
C02178,72,M,98,1,18887.53,473,1,34204.0,1,17,1,0
C02179,65,M,110,2,48389.13,740,1,32330.33,0,11,2,0
C02180,39,F,98,2,52524.37,519,1,34250.39,1,11,0,0
C02181,27,F,77,1,7394.3,693,1,22687.4,1,12,1,0
C02182,39,F,103,1,13708.92,494,0,30862.7,1,12,1,0
C02183,40,M,106,3,25803.87,708,1,28736.12,1,15,0,0
C02184,43,M,109,3,35428.46,770,1,24254.42,1,16,1,0
C02185,58,F,112,1,18677.99,646,1,30944.92,1,6,0,0
C02186,53,F,58,3,76888.1,761,0,40664.39,1,13,1,0
C02187,62,F,78,3,1817.04,360,0,27733.6,1,8,0,1
C02188,24,M,75,1,14415.22,465,1,27813.43,1,13,1,1
C02189,49,F,42,2,17860.95,450,0,40817.93,1,15,3,0
C02190,31,M,38,4,16580.39,410,1,39536.32,1,10,3,0
C02191,72,M,68,2,1533.74,787,1,47007.24,1,14,2,0
C02192,56,F,53,1,4368.78,848,1,8000.0,0,7,2,1
C02193,50,F,33,4,6479.34,302,0,38861.43,1,14,0,1
C02194,36,M,71,2,20057.06,782,1,35218.96,0,14,0,1
C02195,54,M,56,1,39608.74,312,1,17372.17,1,11,0,1
C02196,28,F,105,2,43050.06,461,1,31019.06,1,16,3,0
C02197,33,M,72,2,19324.81,643,1,40613.46,1,18,1,0
C02198,70,M,101,3,14518.5,748,1,18050.09,1,18,2,0
C02199,51,M,51,2,20194.97,631,0,33310.75,0,15,3,1
C02200,42,F,74,1,3929.73,563,1,38456.24,1,9,0,0
C02201,52,M,43,2,9501.68,382,1,15147.77,1,19,0,0
C02202,45,F,15,2,2816.95,633,1,26292.57,1,14,2,0
C02203,41,F,38,1,37535.88,679,1,31611.62,1,13,2,0
C02204,58,F,15,2,35319.57,518,1,18446.42,1,15,3,0
C02205,25,F,5,3,18943.69,753,0,17450.16,1,7,1,0
C02206,49,M,93,1,20556.89,388,1,26379.46,1,11,0,0
C02207,65,M,83,2,3789.81,632,1,37619.68,1,10,3,0
C02208,41,M,54,1,22259.74,609,1,35724.81,1,12,1,0
C02209,45,M,51,1,20972.27,719,1,17663.05,0,7,0,0
C02210,71,F,10,1,15998.6,653,1,35826.01,1,13,1,0
C02211,70,M,12,1,13321.39,399,1,17968.72,1,14,2,0
C02212,72,M,118,3,37081.4,444,1,8677.96,1,18,0,0
C02213,53,M,4,1,28042.72,309,0,23594.28,1,15,0,0
C02214,62,F,95,2,39759.4,343,1,41475.63,1,17,1,0
C02215,57,M,18,1,30970.47,685,1,35871.53,1,17,1,0
C02216,74,M,80,4,72745.19,794,1,27981.14,0,14,1,0
C02217,55,M,104,2,13987.68,792,0,22999.53,1,15,2,0
C02218,57,F,36,2,8589.68,468,1,23322.85,0,10,3,0
C02219,23,F,25,1,12730.18,830,0,29305.42,0,16,2,0
C02220,36,M,87,1,9382.66,635,1,15178.75,1,20,0,0
C02221,55,M,76,1,14075.8,812,1,23822.71,1,11,0,1
C02222,57,M,98,4,22830.0,429,1,25413.17,1,16,0,0
C02223,27,M,36,2,22619.15,838,1,11787.11,1,10,3,0
C02224,60,F,101,2,5359.09,813,1,17938.62,1,8,2,0
C02225,63,F,67,2,42549.15,549,1,32926.08,1,11,5,0
C02226,72,M,9,1,5509.37,437,0,28114.14,0,10,0,1
C02227,72,F,61,2,9858.41,574,1,24294.86,1,12,3,0
C02228,33,M,53,2,20760.84,763,0,17062.87,1,14,2,0
C02229,24,F,18,2,30001.94,440,1,46922.2,1,9,2,0
C02230,66,F,43,2,13694.83,555,1,17944.25,0,11,1,1
C02231,39,M,35,1,4634.43,755,0,31019.11,1,9,2,0
C02232,61,F,63,1,21063.88,733,1,22145.57,1,16,0,1
C02233,42,M,119,3,5595.15,472,1,28435.35,1,14,1,0
C02234,36,M,98,2,4599.7,772,1,33491.32,1,12,4,0
C02235,54,M,105,1,21144.94,722,0,11556.92,1,6,0,0
C02236,56,M,78,4,10536.13,738,1,27920.61,0,12,2,0
C02237,47,F,4,1,6093.79,356,0,42288.74,1,6,1,1
C02238,29,F,93,3,13117.85,797,0,49138.02,1,11,0,1
C02239,57,F,41,4,58857.14,468,0,26439.83,0,7,1,0
C02240,69,F,45,3,50522.63,727,1,28500.17,1,9,0,0
C02241,51,F,50,3,14477.62,718,0,54536.0,1,10,2,1
C02242,44,M,79,1,7622.16,646,0,41619.09,1,14,0,0
C02243,63,F,28,1,13529.99,816,1,20592.59,0,10,0,0
C02244,65,M,42,2,4209.85,754,1,20572.2,0,9,2,0
C02245,35,F,80,1,15503.92,501,0,39478.59,0,9,1,1
C02246,35,F,76,1,17156.06,478,0,15867.55,1,14,0,0
C02247,23,M,116,3,10330.42,356,1,41052.72,1,11,1,0
C02248,58,F,69,1,12878.85,800,0,32011.6,0,10,2,1
C02249,26,F,98,3,4088.26,411,1,34212.65,1,8,1,0
C02250,59,F,106,3,15549.5,447,0,24919.19,0,8,2,0
C02251,66,M,1,3,13420.09,677,0,20442.1,0,15,0,0
C02252,62,M,39,3,17502.71,647,1,45543.91,1,17,1,0
C02253,68,M,96,3,23049.35,657,0,25039.15,0,12,0,0
C02254,35,M,90,3,23142.37,355,0,23068.78,0,7,1,0
C02255,60,M,17,2,14231.83,615,1,27038.36,1,9,0,0
C02256,46,F,112,1,14702.65,484,1,30316.27,1,13,2,0
C02257,41,M,91,3,8202.22,353,1,15630.1,1,15,0,0
C02258,23,F,88,3,3605.96,336,1,21221.54,1,16,0,0
C02259,60,F,35,2,16583.2,569,1,20583.62,1,8,0,0
C02260,27,F,46,1,11719.32,807,1,38143.36,1,9,2,1
C02261,38,M,42,2,23163.16,527,1,17368.45,1,10,2,0
C02262,46,F,118,1,20620.98,727,1,8000.0,1,14,3,0
C02263,49,F,39,3,39662.21,300,1,8000.0,1,14,2,0
C02264,23,M,90,4,49319.25,322,0,10355.44,1,15,3,0
C02265,56,M,49,1,6110.77,802,1,44338.46,1,13,1,0
C02266,58,F,62,2,77879.17,747,1,28194.48,1,12,2,0
C02267,26,M,38,1,23578.23,795,1,34014.99,1,15,0,0
C02268,22,M,23,2,18368.75,724,1,34437.85,1,11,0,0
C02269,61,M,22,1,4273.02,317,1,28674.21,0,18,1,1
C02270,33,M,4,2,30445.88,744,1,27102.62,1,8,1,0
C02271,57,F,49,1,3409.94,338,1,40534.32,1,16,0,1
C02272,66,M,59,1,34778.64,509,1,29751.95,0,17,0,1
C02273,44,F,73,1,9567.61,510,1,44789.17,1,8,0,1
C02274,68,F,68,1,18431.06,580,1,35449.96,1,19,0,0
C02275,52,F,71,2,13703.03,432,1,20586.44,1,5,2,0
C02276,32,F,87,1,10523.11,748,1,22034.39,1,10,3,1
C02277,31,F,2,2,1715.44,563,0,19270.42,1,9,1,0
C02278,24,M,49,3,10554.64,410,1,42610.58,1,5,2,0
C02279,35,F,88,3,12954.86,537,0,23139.39,0,13,2,0
C02280,37,F,104,3,12122.87,756,0,18418.33,1,10,2,0
C02281,31,F,119,3,18635.62,815,1,31837.34,1,7,0,0
C02282,50,F,95,1,29541.5,472,0,26833.99,1,11,2,0
C02283,31,M,111,1,16044.0,492,0,31534.82,1,10,3,1
C02284,33,M,31,2,6259.5,814,1,50677.77,1,7,2,0
C02285,51,F,111,3,10434.49,708,1,38956.85,1,9,0,0
C02286,62,M,40,4,10637.26,383,0,28324.13,1,9,1,0
C02287,22,F,48,1,41728.56,379,1,11098.92,0,16,2,0
C02288,26,M,51,1,33969.97,508,1,22000.45,0,8,1,0
C02289,41,M,43,1,10382.24,821,1,36532.55,1,13,1,0
C02290,29,M,98,3,4606.68,498,1,13947.51,0,12,0,0
C02291,64,M,55,2,35713.87,533,1,53691.64,1,12,4,0
C02292,33,F,88,1,35362.89,543,0,28173.0,1,8,1,0
C02293,22,M,49,2,31023.34,692,0,28586.18,1,15,0,0
C02294,41,F,90,2,34693.09,745,1,20000.26,1,11,1,0
C02295,49,F,80,3,15734.53,692,1,33960.85,1,13,1,0
C02296,64,M,57,1,8011.26,308,0,14103.98,1,21,1,1
C02297,58,F,111,3,20563.41,452,0,53978.71,0,13,3,0
C02298,68,F,77,2,12458.92,409,1,43808.22,1,16,3,1
C02299,58,F,15,3,18454.49,565,1,39811.56,0,14,1,0
C02300,33,M,27,3,15827.87,672,1,11314.85,0,11,0,0
C02301,58,F,68,1,9940.65,451,1,30464.96,1,11,2,1
C02302,70,F,80,1,13854.71,714,1,42509.04,1,14,0,0
C02303,70,M,64,2,12109.75,625,1,35117.26,0,20,0,0
C02304,65,M,94,1,3938.18,475,1,15974.69,1,11,0,0
C02305,49,F,108,3,11439.24,824,1,20198.87,1,15,2,0
C02306,68,M,30,2,23629.24,614,1,22576.77,0,9,0,0
C02307,36,F,36,3,33229.49,366,0,20758.75,1,10,1,1
C02308,27,M,67,1,14702.52,483,0,46345.35,1,13,2,1
C02309,65,F,86,1,20723.3,334,1,8000.0,1,22,0,0
C02310,41,F,113,2,6758.23,804,1,35871.03,1,3,0,0
C02311,71,M,86,1,23798.46,375,0,12492.36,0,12,1,1
C02312,35,M,114,2,12533.34,771,0,16464.98,0,12,2,0
C02313,23,F,114,3,15239.36,822,1,8000.0,0,10,1,1
C02314,30,F,119,1,39301.97,582,1,21411.35,1,8,1,0
C02315,58,F,49,3,14838.25,835,0,46128.78,0,16,0,0
C02316,41,M,76,1,3757.61,573,1,31177.89,0,13,1,1
C02317,47,M,55,1,8210.99,838,1,13619.66,0,13,0,1
C02318,50,M,85,4,16938.69,353,0,40205.77,1,14,1,1
C02319,22,F,56,4,11811.25,354,1,42775.65,0,16,3,1
C02320,56,M,68,2,37198.6,576,0,29248.56,1,7,1,0
C02321,27,M,95,4,22443.59,742,0,52416.99,1,7,1,0
C02322,58,F,44,2,25254.52,717,0,37858.77,1,11,0,0
C02323,74,F,31,1,16745.44,524,0,36191.83,0,12,0,0
C02324,26,M,58,1,14730.96,554,0,18359.46,0,13,1,0
C02325,54,M,87,3,11536.01,475,0,35528.78,1,11,2,0
C02326,70,F,118,1,10335.19,445,1,30601.5,1,15,2,0
C02327,72,F,53,2,13968.94,684,0,34237.95,1,12,0,1
C02328,35,M,84,2,10988.3,561,1,19784.97,0,15,1,0
C02329,33,F,79,2,37085.32,830,1,29537.19,0,17,1,0
C02330,63,F,23,2,10989.43,670,1,18197.66,1,15,1,0
C02331,41,M,28,1,8650.12,496,0,8000.0,1,9,1,0
C02332,74,M,16,1,4001.76,583,0,39979.65,1,14,2,1
C02333,71,F,37,2,3696.94,601,1,9971.33,1,10,1,0
C02334,45,F,21,2,14213.6,431,1,29286.24,1,7,2,0
C02335,64,M,79,2,7244.08,419,1,31996.03,1,15,0,1
C02336,55,F,17,2,4735.93,435,1,31918.76,1,12,1,0
C02337,46,F,114,1,12912.18,828,1,24603.05,1,4,0,0
C02338,71,M,37,3,21538.77,333,1,31254.54,1,14,0,0
C02339,50,F,77,2,11301.3,831,1,33651.6,1,13,2,0
C02340,60,F,19,1,12929.33,507,1,36819.58,1,8,2,0
C02341,52,M,30,2,21975.89,598,1,48801.3,1,7,1,0
C02342,68,M,45,3,71699.32,821,1,30810.33,0,10,1,0
C02343,64,M,18,3,23072.83,393,0,28768.59,1,15,1,1
C02344,71,F,78,1,9850.23,713,0,17119.25,1,15,2,1
C02345,44,F,62,2,19955.06,670,1,33231.36,1,16,0,0
C02346,65,M,36,1,15137.07,708,1,36008.6,0,7,4,0
C02347,59,F,100,1,3958.08,682,1,25692.36,1,19,0,1
C02348,41,F,84,2,34862.89,740,1,34535.35,0,18,1,1
C02349,44,F,52,2,16423.24,746,0,24489.81,1,17,0,0
C02350,66,M,19,3,55439.52,370,0,36051.91,1,18,1,1
C02351,73,M,109,1,30100.41,383,0,38951.23,0,10,0,0
C02352,37,M,44,1,19190.4,508,1,38783.53,0,14,1,1
C02353,71,F,7,2,23577.76,558,1,29414.13,1,15,0,1
C02354,63,M,44,1,15073.79,538,0,15520.38,0,12,0,0
C02355,29,F,117,1,14866.33,601,1,20657.04,1,10,2,0
C02356,71,M,68,1,35074.16,531,0,35141.89,1,16,0,0
C02357,42,M,34,1,20216.24,581,0,57385.75,0,12,1,0
C02358,22,F,66,1,34946.7,693,1,23911.35,1,9,2,1
C02359,29,F,69,2,32854.27,717,1,33470.05,0,20,1,0
C02360,50,M,55,1,62696.5,505,1,21327.37,1,16,0,1
C02361,53,M,10,1,21492.6,563,1,16312.4,1,12,1,0
C02362,59,F,96,2,11957.8,610,1,19884.21,1,11,0,0
C02363,26,M,42,1,5871.26,378,0,8000.0,1,9,1,0
C02364,68,M,41,2,29188.66,641,1,44241.22,1,13,1,0
C02365,43,F,77,1,6838.04,394,1,8000.0,0,8,0,0
C02366,68,M,103,1,12170.67,650,1,24834.06,1,13,3,1
C02367,55,M,69,1,10346.08,361,1,13862.47,1,5,2,0
C02368,22,M,10,1,40230.58,441,0,17387.44,1,15,2,1
C02369,47,M,10,2,35000.98,410,0,44518.27,0,10,2,1
C02370,64,M,102,3,15272.14,826,1,30412.8,1,13,1,0
C02371,31,M,91,1,17585.42,456,1,16415.25,0,13,1,0
C02372,51,M,60,1,20976.89,838,0,20925.79,1,12,0,1
C02373,71,M,51,2,22841.33,308,0,18814.23,1,17,1,0
C02374,39,F,21,2,15508.9,575,1,27477.45,1,18,2,0
C02375,38,M,8,3,15149.22,526,0,30074.7,0,17,3,1
C02376,47,M,65,1,19343.74,485,0,50746.9,1,17,1,0
C02377,29,F,92,4,19188.29,515,0,8000.0,0,8,1,0
C02378,68,F,113,1,24976.34,732,0,27582.25,1,16,1,0
C02379,61,M,103,1,12800.6,655,1,24213.19,0,11,2,0
C02380,70,F,78,3,58580.1,691,1,39358.58,1,12,0,0
C02381,33,M,85,2,4806.75,574,0,32257.82,1,7,3,1
C02382,48,M,30,2,12831.47,793,0,35084.35,1,9,0,1
C02383,29,F,85,2,14271.41,750,0,32141.03,0,15,1,0
C02384,46,F,49,2,0.0,719,1,16816.11,1,15,1,0
C02385,67,M,9,1,9975.76,463,0,42535.19,1,12,1,0
C02386,25,M,17,2,10488.03,482,1,37582.06,1,16,3,0
C02387,54,F,69,1,8807.22,609,0,38986.36,0,17,0,0
C02388,22,M,58,3,10863.84,316,0,43168.6,1,14,0,1
C02389,40,F,57,4,27454.79,745,0,33012.1,1,16,2,0
C02390,52,M,62,1,19598.92,469,0,45771.91,1,12,0,0
C02391,37,F,95,1,4737.5,579,1,32531.67,1,14,1,0
C02392,35,F,52,1,29891.31,639,1,25371.3,1,20,1,0
C02393,74,F,61,1,10191.91,818,1,27920.75,1,17,0,0
C02394,69,F,40,3,25956.17,310,0,27713.87,0,8,4,0
C02395,26,F,38,1,45544.17,823,0,21767.3,1,12,1,0
C02396,62,M,43,1,11518.26,432,0,47582.67,1,14,0,0
C02397,47,M,63,3,48640.68,447,1,31555.54,0,16,2,1
C02398,49,M,19,3,29485.29,378,0,29136.86,1,13,0,0
C02399,23,F,100,2,47530.9,645,1,32659.29,1,7,1,0
C02400,71,F,50,2,19119.01,548,0,63758.25,0,14,1,0
C02401,27,M,33,2,4236.68,841,0,14419.31,0,10,0,1
C02402,30,M,13,4,36795.45,323,1,17859.54,1,9,3,1
C02403,54,M,78,2,12785.95,770,1,11433.15,0,17,0,0
C02404,62,F,97,2,11371.82,500,1,25208.81,0,9,2,0
C02405,46,M,62,1,16709.9,430,1,30946.22,1,10,1,0
C02406,69,F,93,1,6111.41,655,1,22416.13,1,9,0,1
C02407,34,F,43,2,18961.98,449,0,21523.28,1,10,1,1
C02408,30,M,49,4,26012.62,825,1,29708.86,1,16,1,0
C02409,74,M,36,3,43241.66,603,0,21974.71,1,10,1,0
C02410,34,M,108,4,8716.71,840,1,31722.11,1,12,0,0
C02411,52,M,10,2,51727.53,349,1,41370.81,1,11,3,0
C02412,62,M,95,3,44516.98,763,1,36124.37,0,11,2,0
C02413,32,M,6,3,7874.33,539,1,38572.16,0,11,0,0
C02414,25,F,57,2,14642.16,781,1,41031.02,1,16,2,0
C02415,55,M,1,1,30421.64,754,0,31393.94,1,9,0,1
C02416,59,F,71,2,24516.9,582,0,26096.31,0,15,1,0
C02417,67,F,58,3,27003.09,634,0,18732.96,0,11,2,0
C02418,25,F,91,1,29694.06,651,1,23305.86,1,13,1,0
C02419,59,M,21,3,11917.09,626,1,21715.77,0,6,1,0
C02420,40,F,92,1,2676.2,635,0,36780.07,1,9,6,0
C02421,27,M,80,2,15386.19,380,0,32161.39,0,14,2,0
C02422,55,F,56,2,8617.37,386,1,36361.09,0,8,0,1
C02423,39,F,110,2,16468.38,557,1,14075.96,1,10,0,0
C02424,34,F,87,1,33642.79,484,1,45180.99,1,9,2,0
C02425,62,M,116,4,16612.43,422,0,22876.24,1,13,1,0
C02426,44,F,20,2,93444.42,395,1,14799.8,1,6,3,0
C02427,40,M,102,1,16048.67,814,1,22729.39,1,12,2,0
C02428,66,M,54,2,22676.99,742,0,57805.19,1,11,1,0
C02429,32,M,25,1,17331.48,813,1,23347.4,1,12,3,0
C02430,22,M,28,1,77243.92,670,1,24098.84,1,10,1,0
C02431,45,M,5,1,22903.82,604,1,25694.74,0,12,2,0
C02432,28,F,21,3,9182.8,656,1,26216.56,1,9,2,0
C02433,46,F,18,2,47652.99,447,1,18622.29,1,15,0,0
C02434,42,M,47,2,20458.97,584,1,29718.56,0,11,3,0
C02435,36,M,70,1,5372.06,561,0,40907.14,0,16,1,0
C02436,22,M,57,1,13762.84,790,1,31771.47,1,14,0,0
C02437,33,M,93,4,40185.41,330,0,14666.02,1,11,1,0
C02438,28,M,19,2,15634.91,567,1,23867.85,0,16,2,0
C02439,36,F,97,4,16052.28,311,1,21381.67,0,17,1,0
C02440,42,M,65,1,28719.48,490,0,28635.27,1,12,1,0
C02441,40,M,109,1,26320.19,699,0,43965.42,1,9,0,0
C02442,50,M,3,3,13059.19,836,1,26213.41,0,11,3,0
C02443,46,F,42,2,10954.79,390,1,26942.14,1,7,0,0
C02444,54,F,21,1,10697.46,800,1,49331.74,0,10,2,0
C02445,70,F,99,1,29319.3,600,1,38514.47,1,9,1,0
C02446,53,F,105,3,28982.76,410,1,34888.98,1,9,0,0
C02447,70,M,40,2,9787.11,379,1,51497.58,1,12,1,0
C02448,56,M,67,2,6836.59,732,0,33877.74,1,13,0,0
C02449,65,F,25,1,4340.03,716,1,8000.0,0,16,0,0
C02450,59,M,109,1,24259.76,513,1,37991.99,1,18,1,0
C02451,47,F,102,4,6215.36,746,1,8895.9,0,16,2,0
C02452,32,M,109,1,11186.7,317,0,33424.06,1,9,2,0
C02453,56,M,55,2,0.0,353,1,8000.0,1,13,0,0
C02454,29,F,84,3,21236.44,539,1,22397.74,1,10,0,0
C02455,67,F,52,1,11974.77,717,0,23634.59,1,5,2,0
C02456,35,F,44,1,10524.16,785,1,18758.57,0,13,2,0
C02457,31,M,109,2,41884.39,743,1,23813.78,1,15,1,0
C02458,23,F,98,2,7639.26,422,0,40390.74,0,17,1,0
C02459,67,M,85,2,8999.59,719,0,19432.57,1,7,1,1
C02460,30,M,56,1,43322.98,515,1,34541.69,0,16,1,0
C02461,24,M,55,2,12561.1,719,1,16412.2,0,14,1,0
C02462,42,M,112,2,12873.04,527,0,25726.01,0,7,0,0
C02463,47,M,87,2,5917.5,536,0,31886.07,1,8,0,0
C02464,29,M,70,1,27661.5,629,0,16041.66,0,9,0,0
C02465,69,M,115,2,5892.32,768,1,12259.35,1,4,4,0
C02466,23,M,117,4,34981.09,786,0,33902.54,0,13,0,1
C02467,27,M,77,2,9623.15,848,0,41476.96,0,14,3,0
C02468,49,M,113,2,5922.98,714,1,27051.22,1,6,0,0
C02469,74,M,87,2,28906.61,518,1,22512.25,1,13,0,0
C02470,50,F,73,3,59064.36,680,1,29868.1,0,11,1,0
C02471,47,M,81,3,1968.86,386,1,28665.76,0,10,0,0
C02472,46,M,66,1,31034.05,760,1,30914.83,1,13,4,0
C02473,33,M,19,1,7538.44,710,1,8000.0,1,8,3,1
C02474,26,F,83,1,17581.51,824,1,15170.75,1,14,1,0
C02475,55,F,7,1,8034.78,746,1,17857.24,0,9,0,1
C02476,69,F,118,1,16540.5,599,0,29810.41,1,11,3,0
C02477,58,F,63,3,11503.16,707,1,30230.53,0,12,1,0
C02478,36,F,42,1,6222.03,674,1,35634.17,1,10,2,0
C02479,65,F,42,2,5332.54,532,1,31090.98,1,12,2,0
C02480,57,F,59,2,9356.0,348,1,12391.18,1,8,4,1
C02481,36,M,20,1,46159.69,485,1,45364.06,1,15,0,0
C02482,64,M,73,3,103724.76,504,1,43263.02,1,12,0,0
C02483,69,M,17,3,31807.44,377,1,12901.63,0,14,1,0
C02484,44,F,27,2,8706.02,780,1,31992.46,0,8,3,0
C02485,27,F,47,1,9649.73,685,1,20854.91,1,11,1,0
C02486,67,F,2,1,27623.55,493,1,29666.37,1,15,3,1
C02487,71,M,63,2,55322.29,402,1,40639.72,0,15,1,0
C02488,65,M,62,1,14136.3,675,0,53561.25,1,11,1,0
C02489,64,M,100,2,33777.87,586,0,37015.33,1,15,2,0
C02490,66,M,19,3,66437.9,781,1,31539.22,1,6,3,1
C02491,42,F,17,1,37595.92,549,1,23922.15,1,13,0,1
C02492,44,F,69,3,9480.36,500,1,30185.62,1,9,1,0
C02493,64,M,39,1,1757.63,835,0,44317.26,0,9,0,0
C02494,37,F,82,3,18669.59,760,1,27463.49,1,12,3,0
C02495,68,M,117,1,17594.76,599,0,17366.65,1,8,0,0
C02496,74,F,118,2,7329.19,777,1,8563.72,0,6,3,1
C02497,36,M,71,1,8674.01,382,0,34156.57,1,14,1,0
C02498,46,M,81,3,25511.74,757,0,30967.46,1,12,2,0
C02499,57,M,39,2,14664.9,597,0,20249.1,0,10,0,1
C02500,32,M,36,1,6349.66,663,1,40312.17,0,13,3,0
